Date,Open,High,Low,Close,Adj Close,Volume,Symbol,Name,Is_ETF
2018-10-02,10.020000457763672,10.020000457763672,10.010000228881836,10.020000457763672,9.579599380493164,8900,AFIF,Anfield Universal Fixed Income ETF,Y
2018-10-03,10.050000190734863,10.069999694824219,10.039999961853027,10.050000190734863,9.608281135559082,6100,AFIF,Anfield Universal Fixed Income ETF,Y
2018-10-04,10.050000190734863,10.0600004196167,9.979999542236328,10.050000190734863,9.608281135559082,15600,AFIF,Anfield Universal Fixed Income ETF,Y
2018-10-05,10.0600004196167,10.069999694824219,10.020000457763672,10.0600004196167,9.617841720581055,6200,AFIF,Anfield Universal Fixed Income ETF,Y
2018-10-08,10.050000190734863,10.069999694824219,10.029999732971191,10.050000190734863,9.608281135559082,8300,AFIF,Anfield Universal Fixed Income ETF,Y
2018-10-09,10.0600004196167,10.069999694824219,10.020000457763672,10.029999732971191,9.589164733886719,11900,AFIF,Anfield Universal Fixed Income ETF,Y
2018-10-10,10.0600004196167,10.100000381469727,9.979999542236328,10.039999961853027,9.59872055053711,1222000,AFIF,Anfield Universal Fixed Income ETF,Y
2018-10-11,10.039999961853027,10.0600004196167,9.970000267028809,10.050000190734863,9.608281135559082,14900,AFIF,Anfield Universal Fixed Income ETF,Y
2018-10-12,10.020000457763672,10.0600004196167,10.020000457763672,10.039999961853027,9.59872055053711,14300,AFIF,Anfield Universal Fixed Income ETF,Y
2018-10-15,10.050000190734863,10.050000190734863,9.949999809265137,10.010000228881836,9.580535888671875,14700,AFIF,Anfield Universal Fixed Income ETF,Y
2018-10-16,10.050000190734863,10.050000190734863,10.0,10.010000228881836,9.580535888671875,112400,AFIF,Anfield Universal Fixed Income ETF,Y
2018-10-17,10.050000190734863,10.100000381469727,10.029999732971191,10.039999961853027,9.60925006866455,386800,AFIF,Anfield Universal Fixed Income ETF,Y
2018-10-18,10.039999961853027,10.0600004196167,10.039999961853027,10.050000190734863,9.618818283081055,14300,AFIF,Anfield Universal Fixed Income ETF,Y
2018-10-19,10.0600004196167,10.069999694824219,10.020000457763672,10.020000457763672,9.590107917785645,12100,AFIF,Anfield Universal Fixed Income ETF,Y
2018-10-22,10.069999694824219,10.079999923706055,10.050000190734863,10.079999923706055,9.64753246307373,61700,AFIF,Anfield Universal Fixed Income ETF,Y
2018-10-23,10.050000190734863,10.0600004196167,9.979999542236328,9.989999771118164,9.561393737792969,15900,AFIF,Anfield Universal Fixed Income ETF,Y
2018-10-24,9.350000381469727,10.0600004196167,9.350000381469727,10.020000457763672,9.590107917785645,12500,AFIF,Anfield Universal Fixed Income ETF,Y
2018-10-25,10.050000190734863,10.0600004196167,9.960000038146973,10.050000190734863,9.618818283081055,154600,AFIF,Anfield Universal Fixed Income ETF,Y
2018-10-26,10.039999961853027,10.0600004196167,9.970000267028809,10.029999732971191,9.59968090057373,63300,AFIF,Anfield Universal Fixed Income ETF,Y
2018-10-29,10.020000457763672,10.039999961853027,9.9399995803833,10.029999732971191,9.59968090057373,9000,AFIF,Anfield Universal Fixed Income ETF,Y
2018-10-30,10.720000267028809,10.720000267028809,10.010000228881836,10.050000190734863,9.618818283081055,13400,AFIF,Anfield Universal Fixed Income ETF,Y
2018-10-31,10.050000190734863,10.0600004196167,10.020000457763672,10.020000457763672,9.590107917785645,9100,AFIF,Anfield Universal Fixed Income ETF,Y
2018-11-01,10.039999961853027,10.0600004196167,10.020000457763672,10.029999732971191,9.59968090057373,12500,AFIF,Anfield Universal Fixed Income ETF,Y
2018-11-02,10.0600004196167,10.069999694824219,10.039999961853027,10.069999694824219,9.637960433959961,4100,AFIF,Anfield Universal Fixed Income ETF,Y
2018-11-05,9.329999923706055,10.079999923706055,9.329999923706055,10.050000190734863,9.618818283081055,12300,AFIF,Anfield Universal Fixed Income ETF,Y
2018-11-06,10.0600004196167,10.069999694824219,10.039999961853027,10.0600004196167,9.628390312194824,12700,AFIF,Anfield Universal Fixed Income ETF,Y
2018-11-07,10.039999961853027,10.079999923706055,10.020000457763672,10.069999694824219,9.637960433959961,11500,AFIF,Anfield Universal Fixed Income ETF,Y
2018-11-08,10.050000190734863,10.079999923706055,10.020000457763672,10.039999961853027,9.60925006866455,32900,AFIF,Anfield Universal Fixed Income ETF,Y
2018-11-09,10.039999961853027,10.069999694824219,10.039999961853027,10.069999694824219,9.637960433959961,11200,AFIF,Anfield Universal Fixed Income ETF,Y
2018-11-12,10.050000190734863,10.0600004196167,10.020000457763672,10.0600004196167,9.628390312194824,21400,AFIF,Anfield Universal Fixed Income ETF,Y
2018-11-13,10.050000190734863,10.079999923706055,10.050000190734863,10.0600004196167,9.628390312194824,1299400,AFIF,Anfield Universal Fixed Income ETF,Y
2018-11-14,10.050000190734863,10.050000190734863,10.029999732971191,10.050000190734863,9.618818283081055,8700,AFIF,Anfield Universal Fixed Income ETF,Y
2018-11-15,10.010000228881836,10.029999732971191,10.0,10.029999732971191,9.61211109161377,155400,AFIF,Anfield Universal Fixed Income ETF,Y
2018-11-16,9.329999923706055,10.039999961853027,9.329999923706055,10.039999961853027,9.621696472167969,89100,AFIF,Anfield Universal Fixed Income ETF,Y
2018-11-19,9.899999618530273,10.0600004196167,9.899999618530273,10.010000228881836,9.59294605255127,65100,AFIF,Anfield Universal Fixed Income ETF,Y
2018-11-20,10.020000457763672,10.029999732971191,10.0,10.029999732971191,9.61211109161377,20600,AFIF,Anfield Universal Fixed Income ETF,Y
2018-11-21,10.039999961853027,10.039999961853027,10.010000228881836,10.039999961853027,9.621696472167969,10100,AFIF,Anfield Universal Fixed Income ETF,Y
2018-11-23,9.989999771118164,10.020000457763672,9.989999771118164,10.0,9.583362579345703,1100,AFIF,Anfield Universal Fixed Income ETF,Y
2018-11-26,10.010000228881836,10.010000228881836,10.0,10.010000228881836,9.59294605255127,5000,AFIF,Anfield Universal Fixed Income ETF,Y
2018-11-27,10.0,10.029999732971191,9.989999771118164,10.010000228881836,9.59294605255127,25100,AFIF,Anfield Universal Fixed Income ETF,Y
2018-11-28,10.020000457763672,10.020000457763672,10.0,10.020000457763672,9.602529525756836,62000,AFIF,Anfield Universal Fixed Income ETF,Y
2018-11-29,10.0,10.029999732971191,9.979999542236328,10.010000228881836,9.59294605255127,32800,AFIF,Anfield Universal Fixed Income ETF,Y
2018-11-30,10.029999732971191,10.029999732971191,9.989999771118164,9.989999771118164,9.573779106140137,14600,AFIF,Anfield Universal Fixed Income ETF,Y
2018-12-03,10.010000228881836,10.029999732971191,9.989999771118164,9.989999771118164,9.573779106140137,19800,AFIF,Anfield Universal Fixed Income ETF,Y
2018-12-04,10.0,10.0,9.970000267028809,9.970000267028809,9.554610252380371,35600,AFIF,Anfield Universal Fixed Income ETF,Y
2018-12-06,9.40999984741211,10.010000228881836,9.40999984741211,10.010000228881836,9.59294605255127,55200,AFIF,Anfield Universal Fixed Income ETF,Y
2018-12-07,9.930000305175781,10.0,9.930000305175781,9.989999771118164,9.573779106140137,51200,AFIF,Anfield Universal Fixed Income ETF,Y
2018-12-10,9.970000267028809,10.0,9.960000038146973,9.979999542236328,9.564194679260254,16100,AFIF,Anfield Universal Fixed Income ETF,Y
2018-12-11,9.319999694824219,9.979999542236328,9.319999694824219,9.970000267028809,9.554610252380371,21500,AFIF,Anfield Universal Fixed Income ETF,Y
2018-12-12,9.970000267028809,10.0,9.960000038146973,9.979999542236328,9.564194679260254,26200,AFIF,Anfield Universal Fixed Income ETF,Y
2018-12-13,9.960000038146973,9.989999771118164,9.960000038146973,9.970000267028809,9.554610252380371,24000,AFIF,Anfield Universal Fixed Income ETF,Y
2018-12-14,9.960000038146973,9.970000267028809,9.9399995803833,9.949999809265137,9.535445213317871,24100,AFIF,Anfield Universal Fixed Income ETF,Y
2018-12-17,10.59000015258789,10.59000015258789,9.890000343322754,9.90999984741211,9.539297103881836,13500,AFIF,Anfield Universal Fixed Income ETF,Y
2018-12-18,9.90999984741211,9.920000076293945,9.880000114440918,9.90999984741211,9.539297103881836,23300,AFIF,Anfield Universal Fixed Income ETF,Y
2018-12-19,9.899999618530273,9.90999984741211,9.880000114440918,9.890000343322754,9.52004623413086,19400,AFIF,Anfield Universal Fixed Income ETF,Y
2018-12-20,9.869999885559082,9.880000114440918,9.850000381469727,9.880000114440918,9.510416984558105,26900,AFIF,Anfield Universal Fixed Income ETF,Y
2018-12-21,9.890000343322754,9.920000076293945,9.880000114440918,9.899999618530273,9.529667854309082,15400,AFIF,Anfield Universal Fixed Income ETF,Y
2018-12-24,9.880000114440918,9.90999984741211,9.859999656677246,9.880000114440918,9.510416984558105,25000,AFIF,Anfield Universal Fixed Income ETF,Y
2018-12-26,9.899999618530273,9.920000076293945,9.880000114440918,9.899999618530273,9.529667854309082,35500,AFIF,Anfield Universal Fixed Income ETF,Y
2018-12-27,9.869999885559082,9.90999984741211,9.869999885559082,9.899999618530273,9.529667854309082,32200,AFIF,Anfield Universal Fixed Income ETF,Y
2018-12-28,9.890000343322754,9.930000305175781,9.869999885559082,9.899999618530273,9.529667854309082,36100,AFIF,Anfield Universal Fixed Income ETF,Y
2018-12-31,9.890000343322754,9.930000305175781,9.880000114440918,9.899999618530273,9.529667854309082,24700,AFIF,Anfield Universal Fixed Income ETF,Y
2019-01-02,9.90999984741211,9.920000076293945,9.850000381469727,9.899999618530273,9.529667854309082,42200,AFIF,Anfield Universal Fixed Income ETF,Y
2019-01-03,9.899999618530273,9.930000305175781,9.880000114440918,9.90999984741211,9.539297103881836,6400,AFIF,Anfield Universal Fixed Income ETF,Y
2019-01-04,9.899999618530273,9.9399995803833,9.890000343322754,9.90999984741211,9.539297103881836,9100,AFIF,Anfield Universal Fixed Income ETF,Y
2019-01-07,9.899999618530273,9.9399995803833,9.880000114440918,9.920000076293945,9.548921585083008,35500,AFIF,Anfield Universal Fixed Income ETF,Y
2019-01-08,9.550000190734863,9.949999809265137,9.550000190734863,9.920000076293945,9.548921585083008,25100,AFIF,Anfield Universal Fixed Income ETF,Y
2019-01-09,9.920000076293945,9.970000267028809,9.270000457763672,9.930000305175781,9.558547973632812,22700,AFIF,Anfield Universal Fixed Income ETF,Y
2019-01-10,9.930000305175781,9.970000267028809,9.920000076293945,9.949999809265137,9.577799797058105,11100,AFIF,Anfield Universal Fixed Income ETF,Y
2019-01-11,9.5,9.949999809265137,9.5,9.9399995803833,9.568170547485352,22800,AFIF,Anfield Universal Fixed Income ETF,Y
2019-01-14,9.960000038146973,9.979999542236328,9.930000305175781,9.960000038146973,9.58742618560791,10000,AFIF,Anfield Universal Fixed Income ETF,Y
2019-01-15,9.930000305175781,9.960000038146973,9.920000076293945,9.949999809265137,9.58742618560791,12400,AFIF,Anfield Universal Fixed Income ETF,Y
2019-01-16,9.930000305175781,9.979999542236328,9.90999984741211,9.9399995803833,9.577789306640625,10300,AFIF,Anfield Universal Fixed Income ETF,Y
2019-01-17,9.930000305175781,9.970000267028809,9.899999618530273,9.949999809265137,9.58742618560791,38800,AFIF,Anfield Universal Fixed Income ETF,Y
2019-01-18,9.9399995803833,9.970000267028809,9.930000305175781,9.9399995803833,9.577789306640625,8500,AFIF,Anfield Universal Fixed Income ETF,Y
2019-01-22,9.9399995803833,9.970000267028809,9.920000076293945,9.960000038146973,9.597060203552246,32400,AFIF,Anfield Universal Fixed Income ETF,Y
2019-01-23,9.989999771118164,9.989999771118164,9.930000305175781,9.949999809265137,9.58742618560791,31000,AFIF,Anfield Universal Fixed Income ETF,Y
2019-01-24,9.9399995803833,9.989999771118164,9.920000076293945,9.970000267028809,9.606696128845215,18800,AFIF,Anfield Universal Fixed Income ETF,Y
2019-01-25,9.949999809265137,10.0,9.930000305175781,9.979999542236328,9.616332054138184,18500,AFIF,Anfield Universal Fixed Income ETF,Y
2019-01-28,10.050000190734863,10.050000190734863,9.9399995803833,9.970000267028809,9.606696128845215,11000,AFIF,Anfield Universal Fixed Income ETF,Y
2019-01-29,9.9399995803833,10.010000228881836,9.9399995803833,9.979999542236328,9.616332054138184,18900,AFIF,Anfield Universal Fixed Income ETF,Y
2019-01-30,9.960000038146973,10.010000228881836,9.9399995803833,9.979999542236328,9.616332054138184,63300,AFIF,Anfield Universal Fixed Income ETF,Y
2019-01-31,9.989999771118164,10.010000228881836,9.9399995803833,9.989999771118164,9.625967979431152,28000,AFIF,Anfield Universal Fixed Income ETF,Y
2019-02-01,9.960000038146973,10.010000228881836,9.9399995803833,9.989999771118164,9.625967979431152,12800,AFIF,Anfield Universal Fixed Income ETF,Y
2019-02-04,9.989999771118164,10.020000457763672,9.960000038146973,9.970000267028809,9.606696128845215,45600,AFIF,Anfield Universal Fixed Income ETF,Y
2019-02-05,10.0,10.020000457763672,9.979999542236328,9.979999542236328,9.616332054138184,18500,AFIF,Anfield Universal Fixed Income ETF,Y
2019-02-06,9.960000038146973,10.020000457763672,9.960000038146973,9.989999771118164,9.625967979431152,15400,AFIF,Anfield Universal Fixed Income ETF,Y
2019-02-07,9.979999542236328,9.989999771118164,9.970000267028809,9.989999771118164,9.625967979431152,12800,AFIF,Anfield Universal Fixed Income ETF,Y
2019-02-08,10.0,10.010000228881836,9.970000267028809,9.989999771118164,9.625967979431152,26900,AFIF,Anfield Universal Fixed Income ETF,Y
2019-02-11,9.989999771118164,10.010000228881836,9.970000267028809,10.010000228881836,9.645237922668457,29100,AFIF,Anfield Universal Fixed Income ETF,Y
2019-02-12,9.960000038146973,10.010000228881836,9.960000038146973,10.0,9.635603904724121,14700,AFIF,Anfield Universal Fixed Income ETF,Y
2019-02-13,9.989999771118164,10.010000228881836,9.970000267028809,10.0,9.635603904724121,11900,AFIF,Anfield Universal Fixed Income ETF,Y
2019-02-14,9.949999809265137,10.020000457763672,9.949999809265137,9.989999771118164,9.625967979431152,12300,AFIF,Anfield Universal Fixed Income ETF,Y
2019-02-15,10.0,10.0,9.960000038146973,9.979999542236328,9.637556076049805,14000,AFIF,Anfield Universal Fixed Income ETF,Y
2019-02-19,9.970000267028809,9.989999771118164,9.899999618530273,9.960000038146973,9.618242263793945,23400,AFIF,Anfield Universal Fixed Income ETF,Y
2019-02-20,9.979999542236328,10.029999732971191,9.960000038146973,9.979999542236328,9.637556076049805,9800,AFIF,Anfield Universal Fixed Income ETF,Y
2019-02-21,9.979999542236328,10.029999732971191,9.970000267028809,10.010000228881836,9.666526794433594,6800,AFIF,Anfield Universal Fixed Income ETF,Y
2019-02-22,9.979999542236328,10.0,9.970000267028809,9.989999771118164,9.647212982177734,10800,AFIF,Anfield Universal Fixed Income ETF,Y
2019-02-25,9.989999771118164,10.020000457763672,9.979999542236328,9.979999542236328,9.637556076049805,3600,AFIF,Anfield Universal Fixed Income ETF,Y
2019-02-26,10.0,10.029999732971191,9.970000267028809,9.979999542236328,9.637556076049805,18000,AFIF,Anfield Universal Fixed Income ETF,Y
2019-02-27,9.989999771118164,10.029999732971191,9.970000267028809,10.0,9.656869888305664,14500,AFIF,Anfield Universal Fixed Income ETF,Y
2019-02-28,9.989999771118164,10.029999732971191,9.989999771118164,9.989999771118164,9.647212982177734,9200,AFIF,Anfield Universal Fixed Income ETF,Y
2019-03-01,9.920000076293945,10.029999732971191,9.920000076293945,10.029999732971191,9.685842514038086,7700,AFIF,Anfield Universal Fixed Income ETF,Y
2019-03-04,10.020000457763672,10.029999732971191,10.0,10.020000457763672,9.676182746887207,9800,AFIF,Anfield Universal Fixed Income ETF,Y
2019-03-05,10.020000457763672,10.0600004196167,10.010000228881836,10.029999732971191,9.685842514038086,20300,AFIF,Anfield Universal Fixed Income ETF,Y
2019-03-06,10.020000457763672,10.0600004196167,10.010000228881836,10.020000457763672,9.676182746887207,12500,AFIF,Anfield Universal Fixed Income ETF,Y
2019-03-07,10.039999961853027,10.0600004196167,10.020000457763672,10.039999961853027,9.695497512817383,20300,AFIF,Anfield Universal Fixed Income ETF,Y
2019-03-08,10.020000457763672,10.050000190734863,10.010000228881836,10.010000228881836,9.666526794433594,10000,AFIF,Anfield Universal Fixed Income ETF,Y
2019-03-11,10.010000228881836,10.050000190734863,10.0,10.020000457763672,9.676182746887207,19900,AFIF,Anfield Universal Fixed Income ETF,Y
2019-03-12,10.039999961853027,10.050000190734863,10.0,10.029999732971191,9.685842514038086,23300,AFIF,Anfield Universal Fixed Income ETF,Y
2019-03-13,10.010000228881836,10.050000190734863,10.010000228881836,10.029999732971191,9.685842514038086,128700,AFIF,Anfield Universal Fixed Income ETF,Y
2019-03-14,10.010000228881836,10.0600004196167,10.010000228881836,10.039999961853027,9.695497512817383,8300,AFIF,Anfield Universal Fixed Income ETF,Y
2019-03-15,10.0,10.039999961853027,10.0,10.020000457763672,9.696464538574219,20400,AFIF,Anfield Universal Fixed Income ETF,Y
2019-03-18,10.0,10.029999732971191,9.989999771118164,10.010000228881836,9.686789512634277,14700,AFIF,Anfield Universal Fixed Income ETF,Y
2019-03-19,10.0,10.029999732971191,10.0,10.020000457763672,9.696464538574219,14600,AFIF,Anfield Universal Fixed Income ETF,Y
2019-03-20,10.0,10.020000457763672,10.0,10.010000228881836,9.686789512634277,53300,AFIF,Anfield Universal Fixed Income ETF,Y
2019-03-21,10.0,10.029999732971191,9.989999771118164,10.0,9.677109718322754,26700,AFIF,Anfield Universal Fixed Income ETF,Y
2019-03-22,12.0,12.0,9.979999542236328,10.0,9.677109718322754,15300,AFIF,Anfield Universal Fixed Income ETF,Y
2019-03-25,9.989999771118164,10.029999732971191,9.989999771118164,10.010000228881836,9.686789512634277,28500,AFIF,Anfield Universal Fixed Income ETF,Y
2019-03-26,9.979999542236328,10.020000457763672,9.979999542236328,10.0,9.677109718322754,53400,AFIF,Anfield Universal Fixed Income ETF,Y
2019-03-27,9.989999771118164,10.020000457763672,9.970000267028809,9.989999771118164,9.667433738708496,19100,AFIF,Anfield Universal Fixed Income ETF,Y
2019-03-28,9.989999771118164,10.010000228881836,9.970000267028809,9.989999771118164,9.667433738708496,12800,AFIF,Anfield Universal Fixed Income ETF,Y
2019-03-29,9.979999542236328,10.020000457763672,9.979999542236328,9.989999771118164,9.667433738708496,67700,AFIF,Anfield Universal Fixed Income ETF,Y
2019-04-01,9.970000267028809,9.989999771118164,9.970000267028809,9.979999542236328,9.657757759094238,4400,AFIF,Anfield Universal Fixed Income ETF,Y
2019-04-02,10.0,10.039999961853027,10.0,10.029999732971191,9.706143379211426,6500,AFIF,Anfield Universal Fixed Income ETF,Y
2019-04-03,10.029999732971191,10.039999961853027,10.010000228881836,10.029999732971191,9.706143379211426,41600,AFIF,Anfield Universal Fixed Income ETF,Y
2019-04-04,10.069999694824219,10.069999694824219,10.010000228881836,10.029999732971191,9.706143379211426,6700,AFIF,Anfield Universal Fixed Income ETF,Y
2019-04-05,10.010000228881836,10.029999732971191,9.989999771118164,10.020000457763672,9.696464538574219,14300,AFIF,Anfield Universal Fixed Income ETF,Y
2019-04-08,10.029999732971191,10.050000190734863,10.029999732971191,10.050000190734863,9.725497245788574,17400,AFIF,Anfield Universal Fixed Income ETF,Y
2019-04-09,9.899999618530273,10.020000457763672,9.899999618530273,10.010000228881836,9.686789512634277,14100,AFIF,Anfield Universal Fixed Income ETF,Y
2019-04-10,10.029999732971191,10.050000190734863,10.010000228881836,10.029999732971191,9.706143379211426,248600,AFIF,Anfield Universal Fixed Income ETF,Y
2019-04-11,10.029999732971191,10.029999732971191,10.010000228881836,10.020000457763672,9.696464538574219,10700,AFIF,Anfield Universal Fixed Income ETF,Y
2019-04-12,10.039999961853027,10.050000190734863,10.0,10.039999961853027,9.715821266174316,15700,AFIF,Anfield Universal Fixed Income ETF,Y
2019-04-15,9.979999542236328,10.020000457763672,9.979999542236328,10.010000228881836,9.709031105041504,14700,AFIF,Anfield Universal Fixed Income ETF,Y
2019-04-16,10.020000457763672,10.029999732971191,10.010000228881836,10.020000457763672,9.718729019165039,9000,AFIF,Anfield Universal Fixed Income ETF,Y
2019-04-17,10.020000457763672,10.029999732971191,10.010000228881836,10.020000457763672,9.718729019165039,9200,AFIF,Anfield Universal Fixed Income ETF,Y
2019-04-18,10.010000228881836,10.010000228881836,9.989999771118164,10.0,9.699329376220703,10100,AFIF,Anfield Universal Fixed Income ETF,Y
2019-04-22,10.0,10.029999732971191,9.989999771118164,10.020000457763672,9.718729019165039,21500,AFIF,Anfield Universal Fixed Income ETF,Y
2019-04-23,10.010000228881836,10.020000457763672,9.989999771118164,10.020000457763672,9.718729019165039,13700,AFIF,Anfield Universal Fixed Income ETF,Y
2019-04-24,9.989999771118164,10.029999732971191,9.989999771118164,10.010000228881836,9.709031105041504,17100,AFIF,Anfield Universal Fixed Income ETF,Y
2019-04-25,10.0,10.029999732971191,9.989999771118164,10.010000228881836,9.709031105041504,62700,AFIF,Anfield Universal Fixed Income ETF,Y
2019-04-26,10.0,10.029999732971191,9.989999771118164,10.0,9.699329376220703,99700,AFIF,Anfield Universal Fixed Income ETF,Y
2019-04-29,9.960000038146973,10.010000228881836,9.960000038146973,9.989999771118164,9.689631462097168,89000,AFIF,Anfield Universal Fixed Income ETF,Y
2019-04-30,9.989999771118164,10.020000457763672,9.970000267028809,9.989999771118164,9.689631462097168,192900,AFIF,Anfield Universal Fixed Income ETF,Y
2019-05-01,9.949999809265137,10.010000228881836,9.949999809265137,9.989999771118164,9.689631462097168,13100,AFIF,Anfield Universal Fixed Income ETF,Y
2019-05-02,10.0,10.020000457763672,9.960000038146973,10.0,9.699329376220703,1693700,AFIF,Anfield Universal Fixed Income ETF,Y
2019-05-03,10.0600004196167,10.0600004196167,9.989999771118164,10.020000457763672,9.718729019165039,76300,AFIF,Anfield Universal Fixed Income ETF,Y
2019-05-06,10.029999732971191,10.029999732971191,10.0,10.020000457763672,9.718729019165039,57800,AFIF,Anfield Universal Fixed Income ETF,Y
2019-05-07,10.300000190734863,10.300000190734863,10.0,10.0,9.699329376220703,19800,AFIF,Anfield Universal Fixed Income ETF,Y
2019-05-08,10.020000457763672,10.029999732971191,10.0,10.010000228881836,9.709031105041504,4000,AFIF,Anfield Universal Fixed Income ETF,Y
2019-05-09,10.0,10.010000228881836,9.989999771118164,10.010000228881836,9.709031105041504,5700,AFIF,Anfield Universal Fixed Income ETF,Y
2019-05-10,9.960000038146973,10.0,9.960000038146973,9.989999771118164,9.689631462097168,6000,AFIF,Anfield Universal Fixed Income ETF,Y
2019-05-13,10.010000228881836,10.010000228881836,9.979999542236328,9.989999771118164,9.689631462097168,6800,AFIF,Anfield Universal Fixed Income ETF,Y
2019-05-14,9.989999771118164,10.010000228881836,9.979999542236328,9.989999771118164,9.689631462097168,21100,AFIF,Anfield Universal Fixed Income ETF,Y
2019-05-15,9.9399995803833,9.970000267028809,9.9399995803833,9.960000038146973,9.685741424560547,77800,AFIF,Anfield Universal Fixed Income ETF,Y
2019-05-16,9.9399995803833,9.960000038146973,9.930000305175781,9.949999809265137,9.67601490020752,179200,AFIF,Anfield Universal Fixed Income ETF,Y
2019-05-17,9.880000114440918,9.970000267028809,9.880000114440918,9.949999809265137,9.67601490020752,7600,AFIF,Anfield Universal Fixed Income ETF,Y
2019-05-20,9.930000305175781,9.9399995803833,9.920000076293945,9.930000305175781,9.65656852722168,7500,AFIF,Anfield Universal Fixed Income ETF,Y
2019-05-21,9.930000305175781,9.960000038146973,9.930000305175781,9.949999809265137,9.67601490020752,13900,AFIF,Anfield Universal Fixed Income ETF,Y
2019-05-22,9.979999542236328,9.979999542236328,9.9399995803833,9.949999809265137,9.67601490020752,9600,AFIF,Anfield Universal Fixed Income ETF,Y
2019-05-23,9.979999542236328,9.979999542236328,9.960000038146973,9.970000267028809,9.695466995239258,2400,AFIF,Anfield Universal Fixed Income ETF,Y
2019-05-24,9.90999984741211,9.920000076293945,9.819999694824219,9.90999984741211,9.637117385864258,42900,AFIF,Anfield Universal Fixed Income ETF,Y
2019-05-28,9.9399995803833,9.960000038146973,9.930000305175781,9.960000038146973,9.685741424560547,10200,AFIF,Anfield Universal Fixed Income ETF,Y
2019-05-29,9.930000305175781,9.930000305175781,9.90999984741211,9.920000076293945,9.646842956542969,1500,AFIF,Anfield Universal Fixed Income ETF,Y
2019-05-30,9.859999656677246,9.9399995803833,9.859999656677246,9.930000305175781,9.65656852722168,17700,AFIF,Anfield Universal Fixed Income ETF,Y
2019-05-31,9.9399995803833,9.949999809265137,9.90999984741211,9.949999809265137,9.67601490020752,2300,AFIF,Anfield Universal Fixed Income ETF,Y
2019-06-03,9.890000343322754,9.920000076293945,9.880000114440918,9.899999618530273,9.62739372253418,32100,AFIF,Anfield Universal Fixed Income ETF,Y
2019-06-04,9.899999618530273,9.899999618530273,9.859999656677246,9.869999885559082,9.598220825195312,3800,AFIF,Anfield Universal Fixed Income ETF,Y
2019-06-05,9.90999984741211,9.930000305175781,9.899999618530273,9.90999984741211,9.637117385864258,6600,AFIF,Anfield Universal Fixed Income ETF,Y
2019-06-06,9.930000305175781,9.949999809265137,9.90999984741211,9.930000305175781,9.65656852722168,6100,AFIF,Anfield Universal Fixed Income ETF,Y
2019-06-07,9.970000267028809,9.979999542236328,9.9399995803833,9.960000038146973,9.685741424560547,7100,AFIF,Anfield Universal Fixed Income ETF,Y
2019-06-10,9.90999984741211,9.90999984741211,9.859999656677246,9.880000114440918,9.607943534851074,10900,AFIF,Anfield Universal Fixed Income ETF,Y
2019-06-11,9.920000076293945,9.9399995803833,9.899999618530273,9.899999618530273,9.62739372253418,33100,AFIF,Anfield Universal Fixed Income ETF,Y
2019-06-12,9.90999984741211,9.9399995803833,9.90999984741211,9.930000305175781,9.65656852722168,9000,AFIF,Anfield Universal Fixed Income ETF,Y
2019-06-13,9.989999771118164,9.989999771118164,9.90999984741211,9.930000305175781,9.65656852722168,29900,AFIF,Anfield Universal Fixed Income ETF,Y
2019-06-14,9.869999885559082,9.890000343322754,9.869999885559082,9.890000343322754,9.617669105529785,500,AFIF,Anfield Universal Fixed Income ETF,Y
2019-06-17,9.859999656677246,9.869999885559082,9.850000381469727,9.859999656677246,9.611818313598633,7400,AFIF,Anfield Universal Fixed Income ETF,Y
2019-06-18,9.869999885559082,9.899999618530273,9.869999885559082,9.880000114440918,9.631315231323242,4400,AFIF,Anfield Universal Fixed Income ETF,Y
2019-06-19,9.84000015258789,9.880000114440918,9.84000015258789,9.880000114440918,9.631315231323242,700,AFIF,Anfield Universal Fixed Income ETF,Y
2019-06-20,9.880000114440918,9.890000343322754,9.84000015258789,9.850000381469727,9.602072715759277,42000,AFIF,Anfield Universal Fixed Income ETF,Y
2019-06-21,9.829999923706055,9.84000015258789,9.829999923706055,9.84000015258789,9.592321395874023,1000,AFIF,Anfield Universal Fixed Income ETF,Y
2019-06-24,9.890000343322754,9.899999618530273,9.880000114440918,9.899999618530273,9.650812149047852,3600,AFIF,Anfield Universal Fixed Income ETF,Y
2019-06-25,9.899999618530273,9.899999618530273,9.850000381469727,9.869999885559082,9.62156867980957,14700,AFIF,Anfield Universal Fixed Income ETF,Y
2019-06-26,9.84000015258789,9.859999656677246,9.829999923706055,9.84000015258789,9.592321395874023,3100,AFIF,Anfield Universal Fixed Income ETF,Y
2019-06-27,9.880000114440918,9.90999984741211,9.869999885559082,9.890000343322754,9.641064643859863,24000,AFIF,Anfield Universal Fixed Income ETF,Y
2019-06-28,9.859999656677246,9.880000114440918,9.84000015258789,9.859999656677246,9.611818313598633,11600,AFIF,Anfield Universal Fixed Income ETF,Y
2019-07-01,9.880000114440918,9.880000114440918,9.850000381469727,9.880000114440918,9.631315231323242,24300,AFIF,Anfield Universal Fixed Income ETF,Y
2019-07-02,9.9399995803833,9.9399995803833,9.899999618530273,9.930000305175781,9.680059432983398,7000,AFIF,Anfield Universal Fixed Income ETF,Y
2019-07-03,10.140000343322754,10.140000343322754,9.890000343322754,9.899999618530273,9.650812149047852,182100,AFIF,Anfield Universal Fixed Income ETF,Y
2019-07-05,9.84000015258789,9.84000015258789,9.829999923706055,9.84000015258789,9.592321395874023,1600,AFIF,Anfield Universal Fixed Income ETF,Y
2019-07-08,9.890000343322754,9.899999618530273,9.880000114440918,9.880000114440918,9.631315231323242,6200,AFIF,Anfield Universal Fixed Income ETF,Y
2019-07-09,9.890000343322754,9.899999618530273,9.869999885559082,9.880000114440918,9.631315231323242,6100,AFIF,Anfield Universal Fixed Income ETF,Y
2019-07-10,9.869999885559082,9.890000343322754,9.859999656677246,9.890000343322754,9.641064643859863,9000,AFIF,Anfield Universal Fixed Income ETF,Y
2019-07-11,9.899999618530273,9.90999984741211,9.869999885559082,9.869999885559082,9.62156867980957,5100,AFIF,Anfield Universal Fixed Income ETF,Y
2019-07-12,9.949999809265137,9.949999809265137,9.90999984741211,9.9399995803833,9.689807891845703,3400,AFIF,Anfield Universal Fixed Income ETF,Y
2019-07-15,9.899999618530273,9.90999984741211,9.880000114440918,9.899999618530273,9.668319702148438,6300,AFIF,Anfield Universal Fixed Income ETF,Y
2019-07-16,9.880000114440918,9.880000114440918,9.850000381469727,9.869999885559082,9.63902473449707,5900,AFIF,Anfield Universal Fixed Income ETF,Y
2019-07-17,9.890000343322754,9.9399995803833,9.890000343322754,9.920000076293945,9.687851905822754,1800,AFIF,Anfield Universal Fixed Income ETF,Y
2019-07-18,9.880000114440918,9.890000343322754,9.850000381469727,9.890000343322754,9.65855598449707,14400,AFIF,Anfield Universal Fixed Income ETF,Y
2019-07-19,9.850000381469727,9.869999885559082,9.850000381469727,9.869999885559082,9.63902473449707,2300,AFIF,Anfield Universal Fixed Income ETF,Y
2019-07-22,9.869999885559082,9.880000114440918,9.859999656677246,9.880000114440918,9.648787498474121,3800,AFIF,Anfield Universal Fixed Income ETF,Y
2019-07-23,9.819999694824219,9.84000015258789,9.800000190734863,9.819999694824219,9.590192794799805,7700,AFIF,Anfield Universal Fixed Income ETF,Y
2019-07-24,9.75,9.890000343322754,9.75,9.890000343322754,9.65855598449707,1200,AFIF,Anfield Universal Fixed Income ETF,Y
2019-07-25,9.84000015258789,9.869999885559082,9.75,9.850000381469727,9.619492530822754,85800,AFIF,Anfield Universal Fixed Income ETF,Y
2019-07-26,9.869999885559082,9.890000343322754,9.850000381469727,9.880000114440918,9.648787498474121,10700,AFIF,Anfield Universal Fixed Income ETF,Y
2019-07-29,9.880000114440918,9.890000343322754,9.880000114440918,9.890000343322754,9.65855598449707,2700,AFIF,Anfield Universal Fixed Income ETF,Y
2019-07-30,9.869999885559082,9.869999885559082,9.859999656677246,9.869999885559082,9.63902473449707,17700,AFIF,Anfield Universal Fixed Income ETF,Y
2019-07-31,9.859999656677246,9.880000114440918,9.850000381469727,9.869999885559082,9.63902473449707,2000,AFIF,Anfield Universal Fixed Income ETF,Y
2019-08-01,9.869999885559082,9.90999984741211,9.869999885559082,9.90999984741211,9.678086280822754,4000,AFIF,Anfield Universal Fixed Income ETF,Y
2019-08-02,9.8100004196167,9.829999923706055,9.8100004196167,9.829999923706055,9.599957466125488,7300,AFIF,Anfield Universal Fixed Income ETF,Y
2019-08-05,9.819999694824219,9.850000381469727,9.819999694824219,9.84000015258789,9.609724998474121,13900,AFIF,Anfield Universal Fixed Income ETF,Y
2019-08-06,9.760000228881836,9.770000457763672,9.760000228881836,9.760000228881836,9.531596183776855,900,AFIF,Anfield Universal Fixed Income ETF,Y
2019-08-07,9.770000457763672,9.770000457763672,9.729999542236328,9.729999542236328,9.502296447753906,1237200,AFIF,Anfield Universal Fixed Income ETF,Y
2019-08-08,9.649999618530273,9.670000076293945,9.649999618530273,9.670000076293945,9.443703651428223,7600,AFIF,Anfield Universal Fixed Income ETF,Y
2019-08-09,9.65999984741211,9.720000267028809,9.640000343322754,9.640000343322754,9.414405822753906,601800,AFIF,Anfield Universal Fixed Income ETF,Y
2019-08-12,9.710000038146973,9.720000267028809,9.6899995803833,9.720000267028809,9.492532730102539,382300,AFIF,Anfield Universal Fixed Income ETF,Y
2019-08-13,9.539999961853027,9.6899995803833,9.539999961853027,9.65999984741211,9.43393611907959,82600,AFIF,Anfield Universal Fixed Income ETF,Y
2019-08-14,9.9399995803833,9.9399995803833,9.6899995803833,9.710000038146973,9.482768058776855,46700,AFIF,Anfield Universal Fixed Income ETF,Y
2019-08-15,9.649999618530273,9.65999984741211,9.630000114440918,9.65999984741211,9.458288192749023,32000,AFIF,Anfield Universal Fixed Income ETF,Y
2019-08-16,9.569999694824219,9.579999923706055,9.550000190734863,9.569999694824219,9.370168685913086,125400,AFIF,Anfield Universal Fixed Income ETF,Y
2019-08-19,9.569999694824219,9.600000381469727,9.5600004196167,9.579999923706055,9.379959106445312,12300,AFIF,Anfield Universal Fixed Income ETF,Y
2019-08-20,9.649999618530273,9.65999984741211,9.640000343322754,9.65999984741211,9.458288192749023,4600,AFIF,Anfield Universal Fixed Income ETF,Y
2019-08-21,9.65999984741211,9.65999984741211,9.630000114440918,9.649999618530273,9.44849681854248,154800,AFIF,Anfield Universal Fixed Income ETF,Y
2019-08-22,9.649999618530273,9.649999618530273,9.640000343322754,9.649999618530273,9.44849681854248,1600,AFIF,Anfield Universal Fixed Income ETF,Y
2019-08-23,9.550000190734863,9.710000038146973,9.550000190734863,9.699999809265137,9.497454643249512,1000,AFIF,Anfield Universal Fixed Income ETF,Y
2019-08-26,9.670000076293945,9.699999809265137,9.640000343322754,9.65999984741211,9.458288192749023,6000,AFIF,Anfield Universal Fixed Income ETF,Y
2019-08-27,9.710000038146973,9.710000038146973,9.65999984741211,9.699999809265137,9.497454643249512,140300,AFIF,Anfield Universal Fixed Income ETF,Y
2019-08-28,9.6899995803833,9.6899995803833,9.630000114440918,9.670000076293945,9.4680814743042,46800,AFIF,Anfield Universal Fixed Income ETF,Y
2019-08-29,9.630000114440918,9.649999618530273,9.609999656677246,9.640000343322754,9.438708305358887,25700,AFIF,Anfield Universal Fixed Income ETF,Y
2019-08-30,9.670000076293945,9.680000305175781,9.649999618530273,9.680000305175781,9.47787094116211,42200,AFIF,Anfield Universal Fixed Income ETF,Y
2019-09-03,9.670000076293945,9.6899995803833,9.670000076293945,9.670000076293945,9.4680814743042,2200,AFIF,Anfield Universal Fixed Income ETF,Y
2019-09-04,9.710000038146973,9.729999542236328,9.6899995803833,9.729999542236328,9.526826858520508,12500,AFIF,Anfield Universal Fixed Income ETF,Y
2019-09-05,9.6899995803833,9.6899995803833,9.65999984741211,9.65999984741211,9.458288192749023,17200,AFIF,Anfield Universal Fixed Income ETF,Y
2019-09-06,9.720000267028809,9.760000228881836,9.720000267028809,9.739999771118164,9.536620140075684,2400,AFIF,Anfield Universal Fixed Income ETF,Y
2019-09-09,9.699999809265137,9.699999809265137,9.670000076293945,9.680000305175781,9.47787094116211,20900,AFIF,Anfield Universal Fixed Income ETF,Y
2019-09-10,9.699999809265137,9.720000267028809,9.6899995803833,9.6899995803833,9.487661361694336,17600,AFIF,Anfield Universal Fixed Income ETF,Y
2019-09-11,9.760000228881836,9.760000228881836,9.739999771118164,9.739999771118164,9.536620140075684,27500,AFIF,Anfield Universal Fixed Income ETF,Y
2019-09-12,9.729999542236328,9.739999771118164,9.720000267028809,9.729999542236328,9.526826858520508,11300,AFIF,Anfield Universal Fixed Income ETF,Y
2019-09-13,9.869999885559082,9.869999885559082,9.699999809265137,9.710000038146973,9.507244110107422,44300,AFIF,Anfield Universal Fixed Income ETF,Y
2019-09-16,9.880000114440918,9.880000114440918,9.779999732971191,9.8100004196167,9.625975608825684,5400,AFIF,Anfield Universal Fixed Income ETF,Y
2019-09-17,9.739999771118164,9.770000457763672,9.739999771118164,9.760000228881836,9.576910972595215,3800,AFIF,Anfield Universal Fixed Income ETF,Y
2019-09-18,9.760000228881836,9.800000190734863,9.739999771118164,9.75,9.567099571228027,2500,AFIF,Anfield Universal Fixed Income ETF,Y
2019-09-19,9.729999542236328,9.739999771118164,9.6899995803833,9.720000267028809,9.537663459777832,40900,AFIF,Anfield Universal Fixed Income ETF,Y
2019-09-20,9.680000305175781,9.760000228881836,9.680000305175781,9.760000228881836,9.576910972595215,40700,AFIF,Anfield Universal Fixed Income ETF,Y
2019-09-23,9.760000228881836,9.760000228881836,9.710000038146973,9.720000267028809,9.537663459777832,35600,AFIF,Anfield Universal Fixed Income ETF,Y
2019-09-24,9.75,9.770000457763672,9.75,9.770000457763672,9.586727142333984,200,AFIF,Anfield Universal Fixed Income ETF,Y
2019-09-25,9.710000038146973,9.720000267028809,9.649999618530273,9.680000305175781,9.498414039611816,4800,AFIF,Anfield Universal Fixed Income ETF,Y
2019-09-26,9.739999771118164,9.760000228881836,9.720000267028809,9.739999771118164,9.557291030883789,5300,AFIF,Anfield Universal Fixed Income ETF,Y
2019-09-27,9.739999771118164,9.739999771118164,9.720000267028809,9.729999542236328,9.547472953796387,24600,AFIF,Anfield Universal Fixed Income ETF,Y
2019-09-30,9.90999984741211,9.90999984741211,9.710000038146973,9.739999771118164,9.557291030883789,11500,AFIF,Anfield Universal Fixed Income ETF,Y
2019-10-01,9.75,9.75,9.720000267028809,9.739999771118164,9.557291030883789,3700,AFIF,Anfield Universal Fixed Income ETF,Y
2019-10-02,9.779999732971191,9.779999732971191,9.779999732971191,9.779999732971191,9.596537590026855,12800,AFIF,Anfield Universal Fixed Income ETF,Y
2019-10-03,9.8100004196167,9.8100004196167,9.8100004196167,9.8100004196167,9.625975608825684,400,AFIF,Anfield Universal Fixed Income ETF,Y
2019-10-04,9.8100004196167,9.8100004196167,9.8100004196167,9.8100004196167,9.625975608825684,1900,AFIF,Anfield Universal Fixed Income ETF,Y
2019-10-07,9.779999732971191,9.789999961853027,9.779999732971191,9.789999961853027,9.606348991394043,1000,AFIF,Anfield Universal Fixed Income ETF,Y
2019-10-08,9.789999961853027,9.800000190734863,9.789999961853027,9.800000190734863,9.61616325378418,300,AFIF,Anfield Universal Fixed Income ETF,Y
2019-10-09,9.789999961853027,9.800000190734863,9.779999732971191,9.789999961853027,9.606348991394043,12300,AFIF,Anfield Universal Fixed Income ETF,Y
2019-10-10,9.720000267028809,9.729999542236328,9.6899995803833,9.720000267028809,9.537663459777832,12900,AFIF,Anfield Universal Fixed Income ETF,Y
2019-10-11,9.739999771118164,9.739999771118164,9.699999809265137,9.710000038146973,9.527849197387695,21300,AFIF,Anfield Universal Fixed Income ETF,Y
2019-10-14,9.739999771118164,9.739999771118164,9.729999542236328,9.739999771118164,9.557291030883789,9600,AFIF,Anfield Universal Fixed Income ETF,Y
2019-10-15,9.710000038146973,9.710000038146973,9.699999809265137,9.699999809265137,9.537622451782227,2900,AFIF,Anfield Universal Fixed Income ETF,Y
2019-10-16,9.739999771118164,9.75,9.729999542236328,9.739999771118164,9.576955795288086,20400,AFIF,Anfield Universal Fixed Income ETF,Y
2019-10-17,9.729999542236328,9.75,9.710000038146973,9.729999542236328,9.567117691040039,4200,AFIF,Anfield Universal Fixed Income ETF,Y
2019-10-18,9.739999771118164,9.739999771118164,9.720000267028809,9.739999771118164,9.576955795288086,3900,AFIF,Anfield Universal Fixed Income ETF,Y
2019-10-21,9.680000305175781,9.699999809265137,9.680000305175781,9.6899995803833,9.527789115905762,6500,AFIF,Anfield Universal Fixed Income ETF,Y
2019-10-22,9.770000457763672,9.770000457763672,9.670000076293945,9.729999542236328,9.567117691040039,31300,AFIF,Anfield Universal Fixed Income ETF,Y
2019-10-23,9.739999771118164,9.739999771118164,9.739999771118164,9.739999771118164,9.576955795288086,0,AFIF,Anfield Universal Fixed Income ETF,Y
2019-10-24,9.65999984741211,9.720000267028809,9.65999984741211,9.720000267028809,9.557289123535156,10000,AFIF,Anfield Universal Fixed Income ETF,Y
2019-10-25,9.779999732971191,9.779999732971191,9.680000305175781,9.6899995803833,9.527789115905762,23900,AFIF,Anfield Universal Fixed Income ETF,Y
2019-10-28,9.6899995803833,9.699999809265137,9.65999984741211,9.680000305175781,9.517958641052246,10700,AFIF,Anfield Universal Fixed Income ETF,Y
2019-10-29,9.720000267028809,9.720000267028809,9.699999809265137,9.699999809265137,9.537622451782227,1800,AFIF,Anfield Universal Fixed Income ETF,Y
2019-10-30,9.739999771118164,9.739999771118164,9.699999809265137,9.729999542236328,9.567117691040039,1400,AFIF,Anfield Universal Fixed Income ETF,Y
2019-10-31,9.729999542236328,9.739999771118164,9.720000267028809,9.739999771118164,9.576955795288086,9100,AFIF,Anfield Universal Fixed Income ETF,Y
2019-11-01,9.680000305175781,9.699999809265137,9.680000305175781,9.699999809265137,9.537622451782227,500,AFIF,Anfield Universal Fixed Income ETF,Y
2019-11-04,9.680000305175781,9.720000267028809,9.680000305175781,9.699999809265137,9.537622451782227,2400,AFIF,Anfield Universal Fixed Income ETF,Y
2019-11-05,9.6899995803833,9.720000267028809,9.6899995803833,9.720000267028809,9.557289123535156,1000,AFIF,Anfield Universal Fixed Income ETF,Y
2019-11-06,9.789999961853027,9.8100004196167,9.75,9.779999732971191,9.616283416748047,13000,AFIF,Anfield Universal Fixed Income ETF,Y
2019-11-07,9.710000038146973,9.739999771118164,9.699999809265137,9.720000267028809,9.557289123535156,3900,AFIF,Anfield Universal Fixed Income ETF,Y
2019-11-08,9.800000190734863,9.800000190734863,9.800000190734863,9.800000190734863,9.63594913482666,0,AFIF,Anfield Universal Fixed Income ETF,Y
2019-11-11,9.789999961853027,9.789999961853027,9.789999961853027,9.789999961853027,9.626115798950195,2100,AFIF,Anfield Universal Fixed Income ETF,Y
2019-11-12,9.8100004196167,9.8100004196167,9.770000457763672,9.789999961853027,9.626115798950195,6200,AFIF,Anfield Universal Fixed Income ETF,Y
2019-11-13,9.819999694824219,9.819999694824219,9.800000190734863,9.800000190734863,9.63594913482666,5000,AFIF,Anfield Universal Fixed Income ETF,Y
2019-11-14,9.819999694824219,9.819999694824219,9.8100004196167,9.8100004196167,9.645781517028809,7700,AFIF,Anfield Universal Fixed Income ETF,Y
2019-11-15,9.739999771118164,9.739999771118164,9.739999771118164,9.739999771118164,9.594558715820312,0,AFIF,Anfield Universal Fixed Income ETF,Y
2019-11-18,9.880000114440918,9.880000114440918,9.75,9.770000457763672,9.62411117553711,40300,AFIF,Anfield Universal Fixed Income ETF,Y
2019-11-19,9.75,9.770000457763672,9.75,9.770000457763672,9.62411117553711,8400,AFIF,Anfield Universal Fixed Income ETF,Y
2019-11-20,9.760000228881836,9.779999732971191,9.760000228881836,9.779999732971191,9.63395881652832,2200,AFIF,Anfield Universal Fixed Income ETF,Y
2019-11-21,9.710000038146973,9.729999542236328,9.699999809265137,9.699999809265137,9.555156707763672,16800,AFIF,Anfield Universal Fixed Income ETF,Y
2019-11-22,9.739999771118164,9.739999771118164,9.710000038146973,9.739999771118164,9.594558715820312,2700,AFIF,Anfield Universal Fixed Income ETF,Y
2019-11-25,9.75,9.75,9.729999542236328,9.739999771118164,9.594558715820312,2900,AFIF,Anfield Universal Fixed Income ETF,Y
2019-11-26,9.75,9.75,9.75,9.75,9.604406356811523,0,AFIF,Anfield Universal Fixed Income ETF,Y
2019-11-27,9.75,9.75,9.739999771118164,9.739999771118164,9.594558715820312,200,AFIF,Anfield Universal Fixed Income ETF,Y
2019-11-29,9.739999771118164,9.739999771118164,9.739999771118164,9.739999771118164,9.594558715820312,0,AFIF,Anfield Universal Fixed Income ETF,Y
2019-12-02,9.720000267028809,9.729999542236328,9.720000267028809,9.729999542236328,9.584707260131836,900,AFIF,Anfield Universal Fixed Income ETF,Y
2019-12-03,9.8100004196167,9.829999923706055,9.789999961853027,9.8100004196167,9.663514137268066,9100,AFIF,Anfield Universal Fixed Income ETF,Y
2019-12-04,9.970000267028809,9.970000267028809,9.760000228881836,9.760000228881836,9.614261627197266,4600,AFIF,Anfield Universal Fixed Income ETF,Y
2019-12-05,9.760000228881836,9.760000228881836,9.760000228881836,9.760000228881836,9.614261627197266,1200,AFIF,Anfield Universal Fixed Income ETF,Y
2019-12-06,9.770000457763672,9.779999732971191,9.75,9.770000457763672,9.62411117553711,134000,AFIF,Anfield Universal Fixed Income ETF,Y
2019-12-09,9.779999732971191,9.789999961853027,9.770000457763672,9.789999961853027,9.64381217956543,5400,AFIF,Anfield Universal Fixed Income ETF,Y
2019-12-10,9.779999732971191,9.779999732971191,9.770000457763672,9.770000457763672,9.62411117553711,1800,AFIF,Anfield Universal Fixed Income ETF,Y
2019-12-11,9.789999961853027,9.789999961853027,9.770000457763672,9.779999732971191,9.63395881652832,51600,AFIF,Anfield Universal Fixed Income ETF,Y
2019-12-12,9.729999542236328,9.739999771118164,9.729999542236328,9.729999542236328,9.584707260131836,600,AFIF,Anfield Universal Fixed Income ETF,Y
2019-12-13,9.770000457763672,9.789999961853027,9.770000457763672,9.789999961853027,9.64381217956543,49600,AFIF,Anfield Universal Fixed Income ETF,Y
2019-12-16,9.739999771118164,9.739999771118164,9.710000038146973,9.720000267028809,9.594456672668457,1500,AFIF,Anfield Universal Fixed Income ETF,Y
2019-12-17,9.739999771118164,9.75,9.739999771118164,9.75,9.624069213867188,2900,AFIF,Anfield Universal Fixed Income ETF,Y
2019-12-18,9.739999771118164,9.75,9.739999771118164,9.739999771118164,9.614200592041016,1100,AFIF,Anfield Universal Fixed Income ETF,Y
2019-12-19,9.739999771118164,9.739999771118164,9.739999771118164,9.739999771118164,9.614200592041016,900,AFIF,Anfield Universal Fixed Income ETF,Y
2019-12-20,9.729999542236328,9.739999771118164,9.720000267028809,9.739999771118164,9.614200592041016,1300,AFIF,Anfield Universal Fixed Income ETF,Y
2019-12-23,9.739999771118164,9.75,9.729999542236328,9.739999771118164,9.614200592041016,1900,AFIF,Anfield Universal Fixed Income ETF,Y
2019-12-24,9.850000381469727,9.850000381469727,9.720000267028809,9.760000228881836,9.633939743041992,2800,AFIF,Anfield Universal Fixed Income ETF,Y
2019-12-26,9.729999542236328,9.760000228881836,9.729999542236328,9.760000228881836,9.633939743041992,200,AFIF,Anfield Universal Fixed Income ETF,Y
2019-12-27,9.760000228881836,9.779999732971191,9.760000228881836,9.760000228881836,9.633939743041992,4500,AFIF,Anfield Universal Fixed Income ETF,Y
2019-12-30,9.930000305175781,9.930000305175781,9.699999809265137,9.720000267028809,9.594456672668457,4900,AFIF,Anfield Universal Fixed Income ETF,Y
2019-12-31,9.720000267028809,9.720000267028809,9.680000305175781,9.699999809265137,9.574713706970215,5100,AFIF,Anfield Universal Fixed Income ETF,Y
2020-01-02,9.760000228881836,9.760000228881836,9.739999771118164,9.760000228881836,9.633939743041992,3400,AFIF,Anfield Universal Fixed Income ETF,Y
2020-01-03,9.770000457763672,9.779999732971191,9.75,9.770000457763672,9.643813133239746,12100,AFIF,Anfield Universal Fixed Income ETF,Y
2020-01-06,9.739999771118164,9.739999771118164,9.729999542236328,9.739999771118164,9.614200592041016,300,AFIF,Anfield Universal Fixed Income ETF,Y
2020-01-07,9.720000267028809,9.739999771118164,9.720000267028809,9.739999771118164,9.614200592041016,400,AFIF,Anfield Universal Fixed Income ETF,Y
2020-01-08,9.720000267028809,9.739999771118164,9.720000267028809,9.739999771118164,9.614200592041016,50400,AFIF,Anfield Universal Fixed Income ETF,Y
2020-01-09,9.729999542236328,9.75,9.729999542236328,9.75,9.624069213867188,4200,AFIF,Anfield Universal Fixed Income ETF,Y
2020-01-10,9.75,9.75,9.720000267028809,9.739999771118164,9.614200592041016,15000,AFIF,Anfield Universal Fixed Income ETF,Y
2020-01-13,9.710000038146973,9.729999542236328,9.699999809265137,9.729999542236328,9.604327201843262,2800,AFIF,Anfield Universal Fixed Income ETF,Y
2020-01-14,9.75,9.75,9.729999542236328,9.729999542236328,9.604327201843262,600,AFIF,Anfield Universal Fixed Income ETF,Y
2020-01-15,9.729999542236328,9.75,9.729999542236328,9.75,9.624069213867188,500,AFIF,Anfield Universal Fixed Income ETF,Y
2020-01-16,9.739999771118164,9.739999771118164,9.720000267028809,9.729999542236328,9.611227035522461,3100,AFIF,Anfield Universal Fixed Income ETF,Y
2020-01-17,9.729999542236328,9.729999542236328,9.699999809265137,9.720000267028809,9.601350784301758,1000,AFIF,Anfield Universal Fixed Income ETF,Y
2020-01-21,9.729999542236328,9.770000457763672,9.729999542236328,9.760000228881836,9.640862464904785,4200,AFIF,Anfield Universal Fixed Income ETF,Y
2020-01-22,9.75,9.760000228881836,9.729999542236328,9.739999771118164,9.621105194091797,1500,AFIF,Anfield Universal Fixed Income ETF,Y
2020-01-23,9.760000228881836,9.760000228881836,9.75,9.760000228881836,9.640862464904785,900,AFIF,Anfield Universal Fixed Income ETF,Y
2020-01-24,9.739999771118164,9.739999771118164,9.739999771118164,9.739999771118164,9.621105194091797,100,AFIF,Anfield Universal Fixed Income ETF,Y
2020-01-27,9.739999771118164,9.760000228881836,9.739999771118164,9.75,9.630985260009766,900,AFIF,Anfield Universal Fixed Income ETF,Y
2020-01-28,9.729999542236328,9.729999542236328,9.710000038146973,9.720000267028809,9.601350784301758,12300,AFIF,Anfield Universal Fixed Income ETF,Y
2020-01-29,9.739999771118164,9.739999771118164,9.720000267028809,9.739999771118164,9.621105194091797,3600,AFIF,Anfield Universal Fixed Income ETF,Y
2020-01-30,9.75,9.75,9.739999771118164,9.739999771118164,9.621105194091797,1300,AFIF,Anfield Universal Fixed Income ETF,Y
2020-01-31,9.75,9.770000457763672,9.75,9.770000457763672,9.650738716125488,5100,AFIF,Anfield Universal Fixed Income ETF,Y
2020-02-03,9.75,9.75,9.739999771118164,9.739999771118164,9.621105194091797,7000,AFIF,Anfield Universal Fixed Income ETF,Y
2020-02-04,9.739999771118164,9.739999771118164,9.710000038146973,9.729999542236328,9.611227035522461,24700,AFIF,Anfield Universal Fixed Income ETF,Y
2020-02-05,9.720000267028809,9.729999542236328,9.720000267028809,9.729999542236328,9.611227035522461,1300,AFIF,Anfield Universal Fixed Income ETF,Y
2020-02-06,9.729999542236328,9.75,9.729999542236328,9.75,9.630985260009766,1000,AFIF,Anfield Universal Fixed Income ETF,Y
2020-02-07,9.770000457763672,9.779999732971191,9.760000228881836,9.770000457763672,9.650738716125488,15700,AFIF,Anfield Universal Fixed Income ETF,Y
2020-02-10,9.729999542236328,9.770000457763672,9.729999542236328,9.770000457763672,9.650738716125488,8200,AFIF,Anfield Universal Fixed Income ETF,Y
2020-02-11,9.739999771118164,9.760000228881836,9.739999771118164,9.75,9.630985260009766,900,AFIF,Anfield Universal Fixed Income ETF,Y
2020-02-12,9.739999771118164,9.739999771118164,9.739999771118164,9.739999771118164,9.621105194091797,700,AFIF,Anfield Universal Fixed Income ETF,Y
2020-02-13,9.75,9.760000228881836,9.729999542236328,9.739999771118164,9.621105194091797,60200,AFIF,Anfield Universal Fixed Income ETF,Y
2020-02-14,9.729999542236328,9.770000457763672,9.729999542236328,9.739999771118164,9.633964538574219,33000,AFIF,Anfield Universal Fixed Income ETF,Y
2020-02-18,9.880000114440918,9.880000114440918,9.739999771118164,9.770000457763672,9.663637161254883,4600,AFIF,Anfield Universal Fixed Income ETF,Y
2020-02-19,9.569999694824219,9.75,9.569999694824219,9.739999771118164,9.633964538574219,28400,AFIF,Anfield Universal Fixed Income ETF,Y
2020-02-20,9.75,9.760000228881836,9.6899995803833,9.739999771118164,9.633964538574219,193100,AFIF,Anfield Universal Fixed Income ETF,Y
2020-02-21,9.760000228881836,9.770000457763672,9.75,9.760000228881836,9.65374755859375,19200,AFIF,Anfield Universal Fixed Income ETF,Y
2020-02-24,9.800000190734863,9.800000190734863,9.789999961853027,9.789999961853027,9.683420181274414,900,AFIF,Anfield Universal Fixed Income ETF,Y
2020-02-25,9.829999923706055,9.829999923706055,9.789999961853027,9.800000190734863,9.693310737609863,32800,AFIF,Anfield Universal Fixed Income ETF,Y
2020-02-26,9.779999732971191,9.819999694824219,9.779999732971191,9.779999732971191,9.673528671264648,13700,AFIF,Anfield Universal Fixed Income ETF,Y
2020-02-27,9.8100004196167,9.819999694824219,9.800000190734863,9.800000190734863,9.693310737609863,7800,AFIF,Anfield Universal Fixed Income ETF,Y
2020-02-28,9.859999656677246,9.890000343322754,9.850000381469727,9.890000343322754,9.782332420349121,800,AFIF,Anfield Universal Fixed Income ETF,Y
2020-03-02,9.90999984741211,9.930000305175781,9.869999885559082,9.880000114440918,9.772440910339355,1000,AFIF,Anfield Universal Fixed Income ETF,Y
2020-03-03,10.0600004196167,10.0600004196167,9.90999984741211,9.979999542236328,9.871352195739746,1600,AFIF,Anfield Universal Fixed Income ETF,Y
2020-03-04,9.979999542236328,9.989999771118164,9.930000305175781,9.9399995803833,9.831787109375,8000,AFIF,Anfield Universal Fixed Income ETF,Y
2020-03-05,10.010000228881836,10.010000228881836,10.010000228881836,10.010000228881836,9.90102481842041,100,AFIF,Anfield Universal Fixed Income ETF,Y
2020-03-06,10.09000015258789,10.119999885559082,10.079999923706055,10.079999923706055,9.970261573791504,41900,AFIF,Anfield Universal Fixed Income ETF,Y
2020-03-09,10.119999885559082,10.119999885559082,10.050000190734863,10.09000015258789,9.980155944824219,2300,AFIF,Anfield Universal Fixed Income ETF,Y
2020-03-10,10.1899995803833,10.1899995803833,10.029999732971191,10.039999961853027,9.93069839477539,7600,AFIF,Anfield Universal Fixed Income ETF,Y
2020-03-11,10.119999885559082,10.119999885559082,9.949999809265137,9.949999809265137,9.84167766571045,1300,AFIF,Anfield Universal Fixed Income ETF,Y
2020-03-12,9.869999885559082,10.020000457763672,9.579999923706055,9.640000343322754,9.535053253173828,4000,AFIF,Anfield Universal Fixed Income ETF,Y
2020-03-13,10.010000228881836,10.0600004196167,9.979999542236328,10.050000190734863,9.95608139038086,10600,AFIF,Anfield Universal Fixed Income ETF,Y
2020-03-16,9.90999984741211,10.039999961853027,9.90999984741211,10.039999961853027,9.946175575256348,36700,AFIF,Anfield Universal Fixed Income ETF,Y
2020-03-17,9.880000114440918,9.880000114440918,9.59000015258789,9.59000015258789,9.500380516052246,700,AFIF,Anfield Universal Fixed Income ETF,Y
2020-03-18,9.449999809265137,9.640000343322754,9.109999656677246,9.130000114440918,9.044679641723633,10200,AFIF,Anfield Universal Fixed Income ETF,Y
2020-03-19,9.59000015258789,9.8100004196167,9.510000228881836,9.8100004196167,9.718324661254883,3200,AFIF,Anfield Universal Fixed Income ETF,Y
2020-03-20,9.550000190734863,9.739999771118164,9.4399995803833,9.569999694824219,9.48056697845459,25800,AFIF,Anfield Universal Fixed Income ETF,Y
2020-03-23,9.6899995803833,9.75,9.680000305175781,9.75,9.658885955810547,600,AFIF,Anfield Universal Fixed Income ETF,Y
2020-03-24,9.550000190734863,9.760000228881836,9.550000190734863,9.680000305175781,9.589539527893066,146100,AFIF,Anfield Universal Fixed Income ETF,Y
2020-03-25,9.65999984741211,9.680000305175781,9.65999984741211,9.680000305175781,9.589539527893066,3800,AFIF,Anfield Universal Fixed Income ETF,Y
2020-03-26,9.550000190734863,9.649999618530273,9.470000267028809,9.609999656677246,9.520194053649902,1636300,AFIF,Anfield Universal Fixed Income ETF,Y
2020-03-27,9.680000305175781,9.699999809265137,9.609999656677246,9.699999809265137,9.609352111816406,1369400,AFIF,Anfield Universal Fixed Income ETF,Y
2020-03-30,9.770000457763672,9.770000457763672,9.609999656677246,9.729999542236328,9.639071464538574,561600,AFIF,Anfield Universal Fixed Income ETF,Y
2020-03-31,10.489999771118164,10.489999771118164,9.6899995803833,9.6899995803833,9.599446296691895,1400,AFIF,Anfield Universal Fixed Income ETF,Y
2020-04-01,9.680000305175781,9.760000228881836,9.600000381469727,9.710000038146973,9.61925983428955,7000,AFIF,Anfield Universal Fixed Income ETF,Y
2020-04-02,9.770000457763672,9.789999961853027,9.760000228881836,9.770000457763672,9.678699493408203,600,AFIF,Anfield Universal Fixed Income ETF,Y
2020-04-03,9.75,9.770000457763672,9.619999885559082,9.720000267028809,9.629166603088379,101600,AFIF,Anfield Universal Fixed Income ETF,Y
2020-04-06,9.739999771118164,9.779999732971191,9.739999771118164,9.779999732971191,9.688604354858398,900,AFIF,Anfield Universal Fixed Income ETF,Y
2020-04-07,9.699999809265137,9.760000228881836,9.699999809265137,9.739999771118164,9.648978233337402,1772900,AFIF,Anfield Universal Fixed Income ETF,Y
2020-04-08,9.710000038146973,9.779999732971191,9.59000015258789,9.720000267028809,9.629166603088379,924200,AFIF,Anfield Universal Fixed Income ETF,Y
2020-04-09,9.779999732971191,9.890000343322754,9.779999732971191,9.859999656677246,9.767855644226074,1411600,AFIF,Anfield Universal Fixed Income ETF,Y
2020-04-13,9.739999771118164,9.760000228881836,9.710000038146973,9.710000038146973,9.61925983428955,50400,AFIF,Anfield Universal Fixed Income ETF,Y
2020-04-14,9.8100004196167,9.829999923706055,9.729999542236328,9.779999732971191,9.688604354858398,316700,AFIF,Anfield Universal Fixed Income ETF,Y
2020-04-15,10.079999923706055,10.079999923706055,9.770000457763672,9.819999694824219,9.733206748962402,358200,AFIF,Anfield Universal Fixed Income ETF,Y
2020-04-16,9.800000190734863,9.859999656677246,9.789999961853027,9.829999923706055,9.743119239807129,28500,AFIF,Anfield Universal Fixed Income ETF,Y
2020-04-17,9.800000190734863,9.850000381469727,9.760000228881836,9.800000190734863,9.713384628295898,714800,AFIF,Anfield Universal Fixed Income ETF,Y
2020-04-20,10.180000305175781,10.180000305175781,9.739999771118164,9.789999961853027,9.703472137451172,357500,AFIF,Anfield Universal Fixed Income ETF,Y
2020-04-21,10.220000267028809,10.220000267028809,9.779999732971191,9.8100004196167,9.723296165466309,1761400,AFIF,Anfield Universal Fixed Income ETF,Y
2020-04-22,9.779999732971191,9.819999694824219,9.75,9.800000190734863,9.713384628295898,2435500,AFIF,Anfield Universal Fixed Income ETF,Y
2020-04-23,9.829999923706055,9.850000381469727,9.760000228881836,9.760000228881836,9.673738479614258,905800,AFIF,Anfield Universal Fixed Income ETF,Y
2020-04-24,9.819999694824219,9.819999694824219,9.75,9.779999732971191,9.693559646606445,616100,AFIF,Anfield Universal Fixed Income ETF,Y
2020-04-27,9.789999961853027,9.800000190734863,9.739999771118164,9.770000457763672,9.683650016784668,16200,AFIF,Anfield Universal Fixed Income ETF,Y
2020-04-28,9.800000190734863,9.880000114440918,9.779999732971191,9.819999694824219,9.733206748962402,890700,AFIF,Anfield Universal Fixed Income ETF,Y
2020-04-29,9.800000190734863,9.819999694824219,9.779999732971191,9.8100004196167,9.723296165466309,491700,AFIF,Anfield Universal Fixed Income ETF,Y
2020-04-30,9.8100004196167,9.829999923706055,9.760000228881836,9.789999961853027,9.703472137451172,17400,AFIF,Anfield Universal Fixed Income ETF,Y
2020-05-01,9.779999732971191,9.819999694824219,9.770000457763672,9.800000190734863,9.713384628295898,438900,AFIF,Anfield Universal Fixed Income ETF,Y
2020-05-04,9.6899995803833,9.84000015258789,9.289999961853027,9.8100004196167,9.723296165466309,17900,AFIF,Anfield Universal Fixed Income ETF,Y
2020-05-05,9.8100004196167,9.829999923706055,9.770000457763672,9.779999732971191,9.693559646606445,571700,AFIF,Anfield Universal Fixed Income ETF,Y
2020-05-06,9.760000228881836,9.979999542236328,9.729999542236328,9.739999771118164,9.653914451599121,108200,AFIF,Anfield Universal Fixed Income ETF,Y
2020-05-07,9.829999923706055,9.829999923706055,9.800000190734863,9.800000190734863,9.713384628295898,22300,AFIF,Anfield Universal Fixed Income ETF,Y
2020-05-08,9.8100004196167,9.8100004196167,9.760000228881836,9.789999961853027,9.703472137451172,209100,AFIF,Anfield Universal Fixed Income ETF,Y
2020-05-11,9.829999923706055,9.829999923706055,9.739999771118164,9.779999732971191,9.693559646606445,46400,AFIF,Anfield Universal Fixed Income ETF,Y
2020-05-12,9.850000381469727,10.079999923706055,9.800000190734863,9.819999694824219,9.733206748962402,21500,AFIF,Anfield Universal Fixed Income ETF,Y
2020-05-13,9.819999694824219,9.84000015258789,9.789999961853027,9.819999694824219,9.733206748962402,1800,AFIF,Anfield Universal Fixed Income ETF,Y
2020-05-14,10.399999618530273,10.399999618530273,9.800000190734863,9.829999923706055,9.743119239807129,9900,AFIF,Anfield Universal Fixed Income ETF,Y
2020-05-15,9.789999961853027,9.819999694824219,9.779999732971191,9.819999694824219,9.733206748962402,38200,AFIF,Anfield Universal Fixed Income ETF,Y
2020-05-18,9.850000381469727,9.850000381469727,9.75,9.760000228881836,9.673738479614258,15400,AFIF,Anfield Universal Fixed Income ETF,Y
2020-05-19,9.779999732971191,9.829999923706055,9.6899995803833,9.800000190734863,9.713384628295898,36400,AFIF,Anfield Universal Fixed Income ETF,Y
2020-05-20,9.789999961853027,9.84000015258789,9.789999961853027,9.819999694824219,9.733206748962402,34200,AFIF,Anfield Universal Fixed Income ETF,Y
2020-05-21,9.800000190734863,9.859999656677246,9.789999961853027,9.829999923706055,9.743119239807129,18000,AFIF,Anfield Universal Fixed Income ETF,Y
2020-05-22,9.819999694824219,9.819999694824219,9.789999961853027,9.819999694824219,9.733206748962402,700,AFIF,Anfield Universal Fixed Income ETF,Y
2020-05-26,9.8100004196167,9.84000015258789,9.800000190734863,9.8100004196167,9.723296165466309,155800,AFIF,Anfield Universal Fixed Income ETF,Y
2020-05-27,9.819999694824219,9.859999656677246,9.819999694824219,9.84000015258789,9.753030776977539,107700,AFIF,Anfield Universal Fixed Income ETF,Y
2020-05-28,9.789999961853027,9.84000015258789,9.789999961853027,9.819999694824219,9.733206748962402,558700,AFIF,Anfield Universal Fixed Income ETF,Y
2020-05-29,9.819999694824219,9.850000381469727,9.819999694824219,9.829999923706055,9.743119239807129,176800,AFIF,Anfield Universal Fixed Income ETF,Y
2020-06-01,9.84000015258789,9.84000015258789,9.800000190734863,9.819999694824219,9.733206748962402,174600,AFIF,Anfield Universal Fixed Income ETF,Y
2020-06-02,9.84000015258789,9.84000015258789,9.8100004196167,9.819999694824219,9.733206748962402,4200,AFIF,Anfield Universal Fixed Income ETF,Y
2020-06-03,9.649999618530273,9.819999694824219,9.649999618530273,9.800000190734863,9.713384628295898,30300,AFIF,Anfield Universal Fixed Income ETF,Y
2020-06-04,9.8100004196167,9.8100004196167,9.789999961853027,9.789999961853027,9.703472137451172,63800,AFIF,Anfield Universal Fixed Income ETF,Y
2020-06-05,9.800000190734863,9.800000190734863,9.770000457763672,9.800000190734863,9.713384628295898,44300,AFIF,Anfield Universal Fixed Income ETF,Y
2020-06-08,9.8100004196167,9.829999923706055,9.800000190734863,9.800000190734863,9.713384628295898,25000,AFIF,Anfield Universal Fixed Income ETF,Y
2020-06-09,9.84000015258789,9.850000381469727,9.800000190734863,9.800000190734863,9.713384628295898,24500,AFIF,Anfield Universal Fixed Income ETF,Y
2020-06-10,9.829999923706055,9.869999885559082,9.8100004196167,9.850000381469727,9.762941360473633,9500,AFIF,Anfield Universal Fixed Income ETF,Y
2020-06-11,9.779999732971191,9.800000190734863,9.779999732971191,9.800000190734863,9.713384628295898,1500,AFIF,Anfield Universal Fixed Income ETF,Y
2020-06-12,9.680000305175781,9.859999656677246,9.680000305175781,9.819999694824219,9.733206748962402,97500,AFIF,Anfield Universal Fixed Income ETF,Y
2020-06-15,9.800000190734863,9.819999694824219,9.800000190734863,9.819999694824219,9.742136001586914,35900,AFIF,Anfield Universal Fixed Income ETF,Y
2020-06-16,9.789999961853027,9.789999961853027,9.770000457763672,9.779999732971191,9.702451705932617,11300,AFIF,Anfield Universal Fixed Income ETF,Y
2020-06-17,9.8100004196167,9.8100004196167,9.779999732971191,9.800000190734863,9.722294807434082,9300,AFIF,Anfield Universal Fixed Income ETF,Y
2020-06-18,9.850000381469727,9.850000381469727,9.8100004196167,9.819999694824219,9.742136001586914,20300,AFIF,Anfield Universal Fixed Income ETF,Y
2020-06-19,9.819999694824219,9.829999923706055,9.779999732971191,9.819999694824219,9.742136001586914,19200,AFIF,Anfield Universal Fixed Income ETF,Y
2020-06-22,9.8100004196167,9.819999694824219,9.8100004196167,9.8100004196167,9.73221492767334,5800,AFIF,Anfield Universal Fixed Income ETF,Y
2020-06-23,9.819999694824219,9.819999694824219,9.789999961853027,9.8100004196167,9.73221492767334,43300,AFIF,Anfield Universal Fixed Income ETF,Y
2020-06-24,9.779999732971191,9.819999694824219,9.779999732971191,9.8100004196167,9.73221492767334,8500,AFIF,Anfield Universal Fixed Income ETF,Y
2020-06-25,9.8100004196167,9.84000015258789,9.800000190734863,9.819999694824219,9.742136001586914,60300,AFIF,Anfield Universal Fixed Income ETF,Y
2020-06-26,9.800000190734863,9.84000015258789,9.800000190734863,9.819999694824219,9.742136001586914,39600,AFIF,Anfield Universal Fixed Income ETF,Y
2020-06-29,9.8100004196167,9.829999923706055,9.800000190734863,9.819999694824219,9.742136001586914,42900,AFIF,Anfield Universal Fixed Income ETF,Y
2020-06-30,9.819999694824219,9.829999923706055,9.800000190734863,9.819999694824219,9.742136001586914,6200,AFIF,Anfield Universal Fixed Income ETF,Y
2020-07-01,9.970000267028809,9.970000267028809,9.8100004196167,9.819999694824219,9.742136001586914,6800,AFIF,Anfield Universal Fixed Income ETF,Y
2020-07-02,9.819999694824219,9.829999923706055,9.819999694824219,9.829999923706055,9.752056121826172,14000,AFIF,Anfield Universal Fixed Income ETF,Y
2020-07-06,9.800000190734863,9.819999694824219,9.800000190734863,9.819999694824219,9.742136001586914,73900,AFIF,Anfield Universal Fixed Income ETF,Y
2020-07-07,9.8100004196167,9.850000381469727,9.8100004196167,9.84000015258789,9.761977195739746,21800,AFIF,Anfield Universal Fixed Income ETF,Y
2020-07-08,9.829999923706055,9.84000015258789,9.819999694824219,9.829999923706055,9.752056121826172,18000,AFIF,Anfield Universal Fixed Income ETF,Y
2020-07-09,9.84000015258789,9.890000343322754,9.84000015258789,9.850000381469727,9.771897315979004,19900,AFIF,Anfield Universal Fixed Income ETF,Y
2020-07-10,9.850000381469727,9.850000381469727,9.800000190734863,9.819999694824219,9.742136001586914,8600,AFIF,Anfield Universal Fixed Income ETF,Y
2020-07-13,9.800000190734863,9.829999923706055,9.800000190734863,9.819999694824219,9.742136001586914,10600,AFIF,Anfield Universal Fixed Income ETF,Y
2020-07-14,9.850000381469727,9.859999656677246,9.819999694824219,9.84000015258789,9.761977195739746,5000,AFIF,Anfield Universal Fixed Income ETF,Y
2020-07-15,9.970000267028809,9.970000267028809,9.8100004196167,9.829999923706055,9.761977195739746,15200,AFIF,Anfield Universal Fixed Income ETF,Y
2020-07-16,9.819999694824219,9.859999656677246,9.819999694824219,9.829999923706055,9.761977195739746,3700,AFIF,Anfield Universal Fixed Income ETF,Y
2020-07-17,9.819999694824219,9.850000381469727,9.819999694824219,9.84000015258789,9.771907806396484,113900,AFIF,Anfield Universal Fixed Income ETF,Y
2020-07-20,9.829999923706055,9.859999656677246,9.8100004196167,9.819999694824219,9.752046585083008,47300,AFIF,Anfield Universal Fixed Income ETF,Y
2020-07-21,9.819999694824219,9.880000114440918,9.819999694824219,9.84000015258789,9.771907806396484,325400,AFIF,Anfield Universal Fixed Income ETF,Y
2020-07-22,9.859999656677246,9.869999885559082,9.84000015258789,9.850000381469727,9.781838417053223,28800,AFIF,Anfield Universal Fixed Income ETF,Y
2020-07-23,9.84000015258789,9.869999885559082,9.829999923706055,9.859999656677246,9.791768074035645,74400,AFIF,Anfield Universal Fixed Income ETF,Y
2020-07-24,9.84000015258789,9.859999656677246,9.84000015258789,9.84000015258789,9.771907806396484,15500,AFIF,Anfield Universal Fixed Income ETF,Y
2020-07-27,9.829999923706055,9.829999923706055,9.819999694824219,9.829999923706055,9.761977195739746,5800,AFIF,Anfield Universal Fixed Income ETF,Y
2020-07-28,9.84000015258789,9.880000114440918,9.829999923706055,9.850000381469727,9.781838417053223,29500,AFIF,Anfield Universal Fixed Income ETF,Y
2020-07-29,9.829999923706055,9.850000381469727,9.819999694824219,9.850000381469727,9.781838417053223,68900,AFIF,Anfield Universal Fixed Income ETF,Y
2020-07-30,9.84000015258789,9.859999656677246,9.84000015258789,9.850000381469727,9.781838417053223,36100,AFIF,Anfield Universal Fixed Income ETF,Y
2020-07-31,9.859999656677246,9.869999885559082,9.829999923706055,9.869999885559082,9.801700592041016,14900,AFIF,Anfield Universal Fixed Income ETF,Y
2020-08-03,9.829999923706055,9.869999885559082,9.829999923706055,9.859999656677246,9.791768074035645,5600,AFIF,Anfield Universal Fixed Income ETF,Y
2020-08-04,9.859999656677246,9.899999618530273,9.859999656677246,9.880000114440918,9.811631202697754,17500,AFIF,Anfield Universal Fixed Income ETF,Y
2020-08-05,9.869999885559082,9.869999885559082,9.850000381469727,9.850000381469727,9.781838417053223,53200,AFIF,Anfield Universal Fixed Income ETF,Y
2020-08-06,9.899999618530273,9.899999618530273,9.880000114440918,9.899999618530273,9.83149242401123,1600,AFIF,Anfield Universal Fixed Income ETF,Y
2020-08-07,9.84000015258789,9.880000114440918,9.84000015258789,9.859999656677246,9.791768074035645,25700,AFIF,Anfield Universal Fixed Income ETF,Y
2020-08-10,9.850000381469727,9.890000343322754,9.850000381469727,9.859999656677246,9.791768074035645,21000,AFIF,Anfield Universal Fixed Income ETF,Y
2020-08-11,9.850000381469727,9.850000381469727,9.8100004196167,9.84000015258789,9.771907806396484,15700,AFIF,Anfield Universal Fixed Income ETF,Y
2020-08-12,9.84000015258789,9.850000381469727,9.819999694824219,9.829999923706055,9.761977195739746,10800,AFIF,Anfield Universal Fixed Income ETF,Y
2020-08-13,9.8100004196167,9.819999694824219,9.779999732971191,9.800000190734863,9.732185363769531,8900,AFIF,Anfield Universal Fixed Income ETF,Y
2020-08-14,9.8100004196167,9.850000381469727,9.800000190734863,9.819999694824219,9.762007713317871,6100,AFIF,Anfield Universal Fixed Income ETF,Y
2020-08-17,9.789999961853027,9.850000381469727,9.789999961853027,9.829999923706055,9.77194881439209,14800,AFIF,Anfield Universal Fixed Income ETF,Y
2020-08-18,9.850000381469727,9.850000381469727,9.819999694824219,9.84000015258789,9.781889915466309,214900,AFIF,Anfield Universal Fixed Income ETF,Y
2020-08-19,9.890000343322754,9.890000343322754,9.819999694824219,9.819999694824219,9.762007713317871,51900,AFIF,Anfield Universal Fixed Income ETF,Y
2020-08-20,9.829999923706055,9.859999656677246,9.829999923706055,9.84000015258789,9.781889915466309,35600,AFIF,Anfield Universal Fixed Income ETF,Y
2020-08-21,9.850000381469727,9.859999656677246,9.819999694824219,9.84000015258789,9.781889915466309,16400,AFIF,Anfield Universal Fixed Income ETF,Y
2020-08-24,9.649999618530273,9.84000015258789,9.649999618530273,9.819999694824219,9.762007713317871,168300,AFIF,Anfield Universal Fixed Income ETF,Y
2020-08-25,10.770000457763672,10.770000457763672,9.789999961853027,9.819999694824219,9.762007713317871,12800,AFIF,Anfield Universal Fixed Income ETF,Y
2020-08-26,9.8100004196167,9.819999694824219,9.720000267028809,9.720000267028809,9.662598609924316,44300,AFIF,Anfield Universal Fixed Income ETF,Y
2020-08-27,9.850000381469727,9.850000381469727,9.760000228881836,9.760000228881836,9.702363014221191,7200,AFIF,Anfield Universal Fixed Income ETF,Y
2020-08-28,9.84000015258789,9.84000015258789,9.800000190734863,9.819999694824219,9.762007713317871,18400,AFIF,Anfield Universal Fixed Income ETF,Y
2020-08-31,9.8100004196167,9.84000015258789,9.8100004196167,9.819999694824219,9.762007713317871,18700,AFIF,Anfield Universal Fixed Income ETF,Y
2020-09-01,9.829999923706055,9.850000381469727,9.819999694824219,9.84000015258789,9.781889915466309,29100,AFIF,Anfield Universal Fixed Income ETF,Y
2020-09-02,9.829999923706055,9.859999656677246,9.829999923706055,9.859999656677246,9.80177116394043,17500,AFIF,Anfield Universal Fixed Income ETF,Y
2020-09-03,9.850000381469727,9.859999656677246,9.84000015258789,9.850000381469727,9.791830062866211,46300,AFIF,Anfield Universal Fixed Income ETF,Y
2020-09-04,9.800000190734863,9.800000190734863,9.800000190734863,9.800000190734863,9.742125511169434,800,AFIF,Anfield Universal Fixed Income ETF,Y
2020-09-08,9.819999694824219,9.850000381469727,9.819999694824219,9.84000015258789,9.781889915466309,10200,AFIF,Anfield Universal Fixed Income ETF,Y
2020-09-09,9.829999923706055,9.84000015258789,9.800000190734863,9.819999694824219,9.762007713317871,81300,AFIF,Anfield Universal Fixed Income ETF,Y
2020-09-10,9.800000190734863,9.819999694824219,9.800000190734863,9.8100004196167,9.752067565917969,11000,AFIF,Anfield Universal Fixed Income ETF,Y
2020-09-11,9.8100004196167,9.850000381469727,9.8100004196167,9.84000015258789,9.781889915466309,55800,AFIF,Anfield Universal Fixed Income ETF,Y
2020-09-14,9.84000015258789,9.850000381469727,9.8100004196167,9.819999694824219,9.762007713317871,42800,AFIF,Anfield Universal Fixed Income ETF,Y
2020-09-15,9.8100004196167,9.84000015258789,9.8100004196167,9.819999694824219,9.767975807189941,17900,AFIF,Anfield Universal Fixed Income ETF,Y
2020-09-16,9.8100004196167,9.84000015258789,9.789999961853027,9.8100004196167,9.75802993774414,6100,AFIF,Anfield Universal Fixed Income ETF,Y
2020-09-17,9.819999694824219,9.84000015258789,9.8100004196167,9.819999694824219,9.767975807189941,6200,AFIF,Anfield Universal Fixed Income ETF,Y
2020-09-18,9.829999923706055,9.829999923706055,9.800000190734863,9.800000190734863,9.748082160949707,92100,AFIF,Anfield Universal Fixed Income ETF,Y
2020-09-21,9.819999694824219,9.829999923706055,9.8100004196167,9.819999694824219,9.767975807189941,12100,AFIF,Anfield Universal Fixed Income ETF,Y
2020-09-22,9.829999923706055,9.829999923706055,9.8100004196167,9.819999694824219,9.767975807189941,15800,AFIF,Anfield Universal Fixed Income ETF,Y
2020-09-23,9.829999923706055,9.829999923706055,9.800000190734863,9.8100004196167,9.75802993774414,47000,AFIF,Anfield Universal Fixed Income ETF,Y
2020-09-24,9.8100004196167,9.829999923706055,9.789999961853027,9.819999694824219,9.767975807189941,1460100,AFIF,Anfield Universal Fixed Income ETF,Y
2020-09-25,9.819999694824219,9.829999923706055,9.800000190734863,9.8100004196167,9.75802993774414,17200,AFIF,Anfield Universal Fixed Income ETF,Y
2020-09-28,9.819999694824219,9.829999923706055,9.819999694824219,9.819999694824219,9.767975807189941,20600,AFIF,Anfield Universal Fixed Income ETF,Y
2020-09-29,9.819999694824219,9.84000015258789,9.8100004196167,9.819999694824219,9.767975807189941,57500,AFIF,Anfield Universal Fixed Income ETF,Y
2020-09-30,9.819999694824219,9.819999694824219,9.789999961853027,9.8100004196167,9.75802993774414,16000,AFIF,Anfield Universal Fixed Income ETF,Y
2020-10-01,9.819999694824219,9.829999923706055,9.8100004196167,9.819999694824219,9.767975807189941,6100,AFIF,Anfield Universal Fixed Income ETF,Y
2020-10-02,9.789999961853027,9.829999923706055,9.789999961853027,9.819999694824219,9.767975807189941,23700,AFIF,Anfield Universal Fixed Income ETF,Y
2020-10-05,9.779999732971191,9.819999694824219,9.779999732971191,9.789999961853027,9.73813533782959,179000,AFIF,Anfield Universal Fixed Income ETF,Y
2020-10-06,9.8100004196167,9.829999923706055,9.789999961853027,9.819999694824219,9.767975807189941,89600,AFIF,Anfield Universal Fixed Income ETF,Y
2020-10-07,9.800000190734863,9.819999694824219,9.789999961853027,9.8100004196167,9.75802993774414,14400,AFIF,Anfield Universal Fixed Income ETF,Y
2020-10-08,9.829999923706055,9.829999923706055,9.8100004196167,9.8100004196167,9.75802993774414,57400,AFIF,Anfield Universal Fixed Income ETF,Y
2020-10-09,9.770000457763672,9.819999694824219,9.770000457763672,9.800000190734863,9.748082160949707,2800,AFIF,Anfield Universal Fixed Income ETF,Y
2020-10-12,9.819999694824219,9.819999694824219,9.8100004196167,9.8100004196167,9.75802993774414,3100,AFIF,Anfield Universal Fixed Income ETF,Y
2020-10-13,9.829999923706055,9.829999923706055,9.800000190734863,9.8100004196167,9.75802993774414,310900,AFIF,Anfield Universal Fixed Income ETF,Y
2020-10-14,9.819999694824219,9.819999694824219,9.8100004196167,9.819999694824219,9.767975807189941,1800,AFIF,Anfield Universal Fixed Income ETF,Y
2020-10-15,9.75,9.819999694824219,9.75,9.800000190734863,9.759013175964355,17900,AFIF,Anfield Universal Fixed Income ETF,Y
2020-10-16,9.800000190734863,9.8100004196167,9.770000457763672,9.770000457763672,9.72913932800293,71000,AFIF,Anfield Universal Fixed Income ETF,Y
2020-10-19,9.800000190734863,9.800000190734863,9.770000457763672,9.779999732971191,9.739096641540527,25500,AFIF,Anfield Universal Fixed Income ETF,Y
2020-10-20,9.779999732971191,9.779999732971191,9.760000228881836,9.779999732971191,9.739096641540527,15400,AFIF,Anfield Universal Fixed Income ETF,Y
2020-10-21,9.760000228881836,9.779999732971191,9.75,9.760000228881836,9.719181060791016,8700,AFIF,Anfield Universal Fixed Income ETF,Y
2020-10-22,9.75,9.770000457763672,9.75,9.770000457763672,9.72913932800293,24900,AFIF,Anfield Universal Fixed Income ETF,Y
2020-10-23,9.949999809265137,9.949999809265137,9.770000457763672,9.770000457763672,9.72913932800293,3700,AFIF,Anfield Universal Fixed Income ETF,Y
2020-10-26,9.800000190734863,9.8100004196167,9.770000457763672,9.789999961853027,9.749055862426758,17400,AFIF,Anfield Universal Fixed Income ETF,Y
2020-10-27,9.800000190734863,9.8100004196167,9.779999732971191,9.800000190734863,9.759013175964355,1494000,AFIF,Anfield Universal Fixed Income ETF,Y
2020-10-28,9.779999732971191,9.779999732971191,9.760000228881836,9.779999732971191,9.739096641540527,2600,AFIF,Anfield Universal Fixed Income ETF,Y
2020-10-29,9.779999732971191,9.779999732971191,9.75,9.760000228881836,9.719181060791016,17600,AFIF,Anfield Universal Fixed Income ETF,Y
2020-10-30,9.770000457763672,9.770000457763672,9.739999771118164,9.75,9.709222793579102,7800,AFIF,Anfield Universal Fixed Income ETF,Y
2020-11-02,9.800000190734863,9.800000190734863,9.779999732971191,9.789999961853027,9.749055862426758,7900,AFIF,Anfield Universal Fixed Income ETF,Y
2020-11-03,9.789999961853027,9.789999961853027,9.770000457763672,9.779999732971191,9.739096641540527,5500,AFIF,Anfield Universal Fixed Income ETF,Y
2020-11-04,9.84000015258789,9.859999656677246,9.829999923706055,9.84000015258789,9.798846244812012,5800,AFIF,Anfield Universal Fixed Income ETF,Y
2020-11-05,9.829999923706055,9.850000381469727,9.8100004196167,9.829999923706055,9.788887977600098,165800,AFIF,Anfield Universal Fixed Income ETF,Y
2020-11-06,9.770000457763672,9.819999694824219,9.770000457763672,9.800000190734863,9.759013175964355,25900,AFIF,Anfield Universal Fixed Income ETF,Y
2020-11-09,9.800000190734863,9.800000190734863,9.729999542236328,9.739999771118164,9.699264526367188,10400,AFIF,Anfield Universal Fixed Income ETF,Y
2020-11-10,9.770000457763672,9.779999732971191,9.75,9.760000228881836,9.719181060791016,22000,AFIF,Anfield Universal Fixed Income ETF,Y
2020-11-11,9.779999732971191,9.789999961853027,9.779999732971191,9.779999732971191,9.739096641540527,4500,AFIF,Anfield Universal Fixed Income ETF,Y
2020-11-12,9.770000457763672,9.8100004196167,9.770000457763672,9.8100004196167,9.768972396850586,64600,AFIF,Anfield Universal Fixed Income ETF,Y
2020-11-13,9.789999961853027,9.789999961853027,9.770000457763672,9.779999732971191,9.749034881591797,9400,AFIF,Anfield Universal Fixed Income ETF,Y
2020-11-16,9.779999732971191,9.789999961853027,9.770000457763672,9.789999961853027,9.759002685546875,8500,AFIF,Anfield Universal Fixed Income ETF,Y
2020-11-17,9.899999618530273,9.899999618530273,9.770000457763672,9.789999961853027,9.759002685546875,35400,AFIF,Anfield Universal Fixed Income ETF,Y
2020-11-18,9.789999961853027,9.800000190734863,9.770000457763672,9.789999961853027,9.759002685546875,22200,AFIF,Anfield Universal Fixed Income ETF,Y
2020-11-19,9.789999961853027,9.819999694824219,9.789999961853027,9.8100004196167,9.77894115447998,32800,AFIF,Anfield Universal Fixed Income ETF,Y
2020-11-20,9.729999542236328,9.8100004196167,9.729999542236328,9.8100004196167,9.77894115447998,85100,AFIF,Anfield Universal Fixed Income ETF,Y
2020-11-23,9.770000457763672,9.829999923706055,9.770000457763672,9.800000190734863,9.76897144317627,12400,AFIF,Anfield Universal Fixed Income ETF,Y
2020-11-24,9.819999694824219,9.859999656677246,9.770000457763672,9.779999732971191,9.749034881591797,192400,AFIF,Anfield Universal Fixed Income ETF,Y
2020-11-25,9.720000267028809,9.8100004196167,9.720000267028809,9.800000190734863,9.76897144317627,44900,AFIF,Anfield Universal Fixed Income ETF,Y
2020-11-27,9.800000190734863,9.829999923706055,9.800000190734863,9.829999923706055,9.798876762390137,17400,AFIF,Anfield Universal Fixed Income ETF,Y
2020-11-30,9.779999732971191,9.819999694824219,9.779999732971191,9.819999694824219,9.788908004760742,19700,AFIF,Anfield Universal Fixed Income ETF,Y
2020-12-01,9.779999732971191,9.789999961853027,9.760000228881836,9.770000457763672,9.739067077636719,128400,AFIF,Anfield Universal Fixed Income ETF,Y
2020-12-02,9.800000190734863,9.800000190734863,9.789999961853027,9.789999961853027,9.759002685546875,18100,AFIF,Anfield Universal Fixed Income ETF,Y
2020-12-03,9.84000015258789,9.84000015258789,9.789999961853027,9.819999694824219,9.788908004760742,517900,AFIF,Anfield Universal Fixed Income ETF,Y
2020-12-04,9.779999732971191,9.800000190734863,9.770000457763672,9.770000457763672,9.739067077636719,5500,AFIF,Anfield Universal Fixed Income ETF,Y
2020-12-07,9.829999923706055,9.829999923706055,9.8100004196167,9.819999694824219,9.788908004760742,15100,AFIF,Anfield Universal Fixed Income ETF,Y
2020-12-08,9.819999694824219,9.819999694824219,9.789999961853027,9.789999961853027,9.759002685546875,5800,AFIF,Anfield Universal Fixed Income ETF,Y
2020-12-09,9.800000190734863,9.800000190734863,9.789999961853027,9.800000190734863,9.76897144317627,14200,AFIF,Anfield Universal Fixed Income ETF,Y
2020-12-10,9.800000190734863,9.829999923706055,9.800000190734863,9.819999694824219,9.788908004760742,15300,AFIF,Anfield Universal Fixed Income ETF,Y
2020-12-11,9.789999961853027,9.819999694824219,9.789999961853027,9.819999694824219,9.788908004760742,48300,AFIF,Anfield Universal Fixed Income ETF,Y
2020-12-14,9.779999732971191,9.8100004196167,9.779999732971191,9.789999961853027,9.759002685546875,29900,AFIF,Anfield Universal Fixed Income ETF,Y
2020-12-15,9.789999961853027,9.789999961853027,9.760000228881836,9.779999732971191,9.774994850158691,25800,AFIF,Anfield Universal Fixed Income ETF,Y
2020-12-16,9.789999961853027,9.789999961853027,9.760000228881836,9.770000457763672,9.765000343322754,12500,AFIF,Anfield Universal Fixed Income ETF,Y
2020-12-17,9.789999961853027,9.789999961853027,9.760000228881836,9.779999732971191,9.774994850158691,178800,AFIF,Anfield Universal Fixed Income ETF,Y
2020-12-18,9.779999732971191,9.789999961853027,9.75,9.770000457763672,9.765000343322754,27200,AFIF,Anfield Universal Fixed Income ETF,Y
2020-12-21,9.800000190734863,9.800000190734863,9.770000457763672,9.789999961853027,9.784989356994629,535500,AFIF,Anfield Universal Fixed Income ETF,Y
2020-12-22,9.789999961853027,9.800000190734863,9.770000457763672,9.800000190734863,9.794984817504883,10200,AFIF,Anfield Universal Fixed Income ETF,Y
2020-12-23,9.729999542236328,9.770000457763672,9.729999542236328,9.760000228881836,9.755005836486816,23600,AFIF,Anfield Universal Fixed Income ETF,Y
2020-12-24,9.800000190734863,9.800000190734863,9.770000457763672,9.789999961853027,9.784989356994629,12200,AFIF,Anfield Universal Fixed Income ETF,Y
2020-12-28,9.729999542236328,9.779999732971191,9.729999542236328,9.779999732971191,9.774994850158691,24300,AFIF,Anfield Universal Fixed Income ETF,Y
2020-12-29,9.6899995803833,9.789999961853027,9.6899995803833,9.779999732971191,9.774994850158691,9200,AFIF,Anfield Universal Fixed Income ETF,Y
2020-12-30,9.779999732971191,9.789999961853027,9.779999732971191,9.779999732971191,9.774994850158691,8900,AFIF,Anfield Universal Fixed Income ETF,Y
2020-12-31,9.789999961853027,9.800000190734863,9.779999732971191,9.779999732971191,9.774994850158691,14200,AFIF,Anfield Universal Fixed Income ETF,Y
2021-01-04,9.789999961853027,9.8100004196167,9.739999771118164,9.75,9.745010375976562,105300,AFIF,Anfield Universal Fixed Income ETF,Y
2021-01-05,9.770000457763672,9.779999732971191,9.760000228881836,9.760000228881836,9.755005836486816,5400,AFIF,Anfield Universal Fixed Income ETF,Y
2021-01-06,9.720000267028809,9.739999771118164,9.720000267028809,9.729999542236328,9.725020408630371,19300,AFIF,Anfield Universal Fixed Income ETF,Y
2021-01-07,9.75,9.760000228881836,9.739999771118164,9.760000228881836,9.755005836486816,297000,AFIF,Anfield Universal Fixed Income ETF,Y
2021-01-08,9.760000228881836,9.779999732971191,9.739999771118164,9.760000228881836,9.755005836486816,1319100,AFIF,Anfield Universal Fixed Income ETF,Y
2021-01-11,9.739999771118164,9.760000228881836,9.729999542236328,9.729999542236328,9.725020408630371,26500,AFIF,Anfield Universal Fixed Income ETF,Y
2021-01-12,9.739999771118164,9.760000228881836,9.720000267028809,9.75,9.745010375976562,25100,AFIF,Anfield Universal Fixed Income ETF,Y
2021-01-13,9.760000228881836,9.789999961853027,9.760000228881836,9.789999961853027,9.784989356994629,37800,AFIF,Anfield Universal Fixed Income ETF,Y
2021-01-14,9.760000228881836,9.779999732971191,9.739999771118164,9.739999771118164,9.735014915466309,73800,AFIF,Anfield Universal Fixed Income ETF,Y
2021-01-15,9.760000228881836,9.770000457763672,9.760000228881836,9.760000228881836,9.755005836486816,36300,AFIF,Anfield Universal Fixed Income ETF,Y
2021-01-19,9.770000457763672,9.779999732971191,9.739999771118164,9.770000457763672,9.765000343322754,75700,AFIF,Anfield Universal Fixed Income ETF,Y
2021-01-20,9.760000228881836,9.779999732971191,9.75,9.770000457763672,9.765000343322754,142700,AFIF,Anfield Universal Fixed Income ETF,Y
2021-01-21,9.710000038146973,9.760000228881836,9.710000038146973,9.739999771118164,9.739999771118164,12600,AFIF,Anfield Universal Fixed Income ETF,Y
2021-01-22,9.770000457763672,9.770000457763672,9.739999771118164,9.739999771118164,9.739999771118164,27900,AFIF,Anfield Universal Fixed Income ETF,Y
